"";"id";"shelterId";"shelterPetId";"name";"animal";"breeds";"mix";"age";"sex";"size"
"1";33560679;"MS113";"character(0)";"OTIS - Los Angeles, CA";"Dog";"Brussels Griffon";"no";"Adult";"M";"S"
"2";33815421;"CA766";"A1596620";"ALMOND JOY";"Dog";"Rottweiler";"yes";"Young";"F";"L"
"3";33919795;"CA766";"A1598882";"RED";"Dog";"Staffordshire Bull Terrier";"no";"Young";"M";"M"
"4";33919793;"CA766";"A1598780";"A1598780";"Dog";"Pit Bull Terrier";"no";"Adult";"F";"L"
"5";33919792;"CA766";"A1598767";"CUTIE";"Dog";"Chihuahua";"yes";"Baby";"F";"S"
"6";33919796;"CA766";"A1598978";"BABY DOLL";"Dog";"Chihuahua";"yes";"Young";"M";"S"
"7";33919791;"CA766";"A1598721";"A1598721";"Dog";"Staffordshire Bull Terrier";"no";"Adult";"M";"M"
"8";33919788;"CA766";"A1597929";"ROY";"Dog";"Pit Bull Terrier";"no";"Adult";"M";"L"
"9";33134326;"CA766";"A1579005";"MABEL";"Dog";"Pit Bull Terrier";"no";"Young";"F";"M"
"10";33669431;"CA766";"A1590849";"BATMAN";"Dog";"Australian Kelpie";"yes";"Adult";"M";"M"
"11";33669758;"CA766";"A1590583";"KRINGLE";"Dog";"Staffordshire Bull Terrier";"no";"Adult";"M";"M"
"12";33669759;"CA766";"A1590900";"BUTTERFINGERS";"Dog";"Pit Bull Terrier";"yes";"Young";"F";"M"
"13";33669773;"CA766";"A1592974";"PEEPS";"Dog";"American Staffordshire Terrier";"no";"Young";"F";"M"
"14";33809820;"CA766";"A1593301";"TOOTIE";"Dog";"Pit Bull Terrier";"no";"Adult";"F";"M"
"15";33809819;"CA766";"A1593293";"BERKSHIRE";"Dog";"Pit Bull Terrier";"no";"Adult";"M";"L"
"16";33762913;"CA766";"A1595316";"DAISY";"Dog";"Staffordshire Bull Terrier";"yes";"Young";"F";"M"
"17";33762917;"CA766";"A1595380";"PORK CHOP";"Dog";"Pit Bull Terrier";"no";"Young";"M";"L"
"18";33762902;"CA766";"A1595126";"A1595126";"Rabbit";"Bunny Rabbit";"no";"Adult";"U";"S"
"19";31853788;"CA766";"A1543726";"A1543726";"Rabbit";"Bunny Rabbit";"no";"Young";"M";"L"
"20";33792427;"CA766";"A1594337";"SIMON";"Dog";"Chihuahua";"no";"Adult";"M";"S"
"21";33934391;"CA766";"A1600013";"WHINNY";"Dog";"Pit Bull Terrier";"no";"Young";"F";"L"
"22";33934392;"CA766";"A1600014";"SASHA";"Dog";"Pit Bull Terrier";"no";"Adult";"F";"L"
"23";33653407;"CA766";"A1593811";"TORRIE";"Dog";"German Shepherd Dog";"yes";"Senior";"F";"L"
"24";33376858;"CA766";"A1586230";"STORM";"Dog";"American Staffordshire Terrier";"no";"Young";"F";"M"
"25";33915421;"CA766";"A1534900";"BELLA";"Dog";"Pit Bull Terrier";"no";"Adult";"F";"M"
"26";33487790;"CA766";"A1585840";"A1585840";"Rabbit";"Bunny Rabbit";"no";"Baby";"F";"S"
"27";33487795;"CA766";"A1588236";"RIDER";"Dog";"American Staffordshire Terrier";"no";"Young";"M";"M"
"28";33994687;"CA766";"A1601253";"TACO";"Small & Furry";"Guinea Pig";"no";"Young";"M";"S"
"29";33994686;"CA766";"A1601252";"CHICO";"Small & Furry";"Guinea Pig";"no";"Young";"M";"S"
"30";34003399;"CA766";"A1601364";"FLUFFY";"Dog";"Field Spaniel";"yes";"Adult";"M";"M"
"31";34003400;"CA766";"A1601378";"CHAMP";"Dog";"German Shepherd Dog";"no";"Senior";"M";"L"
"32";33723797;"CA766";"A1594202";"CUPID";"Dog";"Pit Bull Terrier";"no";"Young";"M";"L"
"33";34002886;"CA766";"A1601356";"LADY";"Dog";"Pit Bull Terrier";"no";"Adult";"F";"M"
"34";34002887;"CA766";"A1601358";"PACO";"Dog";"Pit Bull Terrier";"no";"Adult";"M";"L"
"35";34002884;"CA766";"A1601351";"CONDOR";"Bird";"Chicken";"no";"Young";"M";"L"
"36";34002885;"CA766";"A1601353";"BUTTERS";"Bird";"Chicken";"no";"Young";"M";"L"
"37";32902377;"CA766";"A1573085";"A1573085";"Rabbit";"American";"no";"Young";"M";"L"
"38";33966330;"CA766";"A1600619";"INDO";"Dog";"Bullmastiff";"yes";"Adult";"M";"M"
"39";29266802;"CA766";"A1468697";"ABBY";"Rabbit";"Bunny Rabbit";"no";"Young";"F";"S"
"40";33182410;"CA766";"A1581491";"COCO";"Dog";"American Staffordshire Terrier";"no";"Adult";"F";"L"
"41";33970079;"CA766";"A1599870";"A1599870";"Dog";"German Shepherd Dog";"no";"Young";"M";"L"
"42";33970077;"CA766";"A1599021";"A1599021";"Cat";"Domestic Medium Hair";"no";"Adult";"M";"M"
"43";33184947;"CA766";"A1580415";"PHOEBE";"Dog";"Chihuahua";"yes";"Adult";"F";"S"
"44";33435410;"CA766";"A1448439";"KIKI";"Dog";"American Staffordshire Terrier";"no";"Adult";"F";"M"
"45";33435433;"CA766";"A1587063";"ANNIE";"Dog";"Pit Bull Terrier";"no";"Adult";"F";"L"
"46";33979083;"CA766";"A1600152";"A1600152";"Dog";"German Shepherd Dog";"no";"Adult";"M";"L"
"47";33948268;"CA766";"A1599459";"A1599459";"Dog";"Poodle";"no";"Young";"F";"S"
"48";33948269;"CA766";"A1599463";"AMELIA";"Dog";"Staffordshire Bull Terrier";"no";"Adult";"F";"M"
"49";33948266;"CA766";"A1599455";"FAT DADDY";"Cat";"Domestic Short Hair";"no";"Young";"M";"L"
"50";33948255;"CA766";"A1599329";"A1599329";"Dog";"Pit Bull Terrier";"no";"Adult";"M";"L"
"51";33704152;"CA766";"A1593867";"RASCAL";"Dog";"Pit Bull Terrier";"no";"Young";"M";"M"
"52";33704149;"CA766";"A1593688";"A1593688";"Rabbit";"American";"no";"Young";"M";"S"
"53";33704151;"CA766";"A1593866";"REMING-TON";"Dog";"Pit Bull Terrier";"no";"Adult";"M";"L"
"54";33953458;"CA766";"A1576704";"TORIYA";"Dog";"American Staffordshire Terrier";"no";"Young";"F";"M"
"55";33447741;"CA766";"A1525782";"ASIA";"Dog";"Pit Bull Terrier";"no";"Adult";"F";"S"
"56";33955042;"CA766";"A0994831";"BOSS";"Dog";"Labrador Retriever";"no";"Adult";"M";"M"
"57";33955043;"CA766";"A1010944";"JASPER";"Dog";"Dachshund";"yes";"Adult";"M";"S"
"58";33955046;"CA766";"A1598814";"BLACKY";"Dog";"Boxer";"yes";"Young";"M";"L"
"59";33955044;"CA766";"A1582681";"A1582681";"Scales, Fins & Other";"TurtleTurtle";"no";"Adult";"U";"S"
"60";33955045;"CA766";"A1598809";"DATA";"Dog";"German Shepherd Dog";"yes";"Young";"F";"M"
"61";33955050;"CA766";"A1599624";"GUNNER";"Dog";"Pit Bull Terrier";"no";"Adult";"M";"L"
"62";33955054;"CA766";"A1599701";"LATKES";"Dog";"Chihuahua";"yes";"Young";"F";"S"
"63";33955052;"CA766";"A1599699";"GINGIE";"Dog";"Chihuahua";"yes";"Young";"F";"S"
"64";33955053;"CA766";"A1599700";"A1599700";"Dog";"Chihuahua";"yes";"Young";"M";"S"
"65";33955057;"CA766";"A1599766";"A1599766";"Dog";"German Shorthaired Pointer";"yes";"Adult";"M";"M"
"66";33958838;"CA766";"A1600399";"KITTY";"Cat";"Domestic Short Hair";"no";"Young";"M";"M"
"67";33959855;"CA766";"A1600427";"A1600427";"Scales, Fins & Other";"Turtle";"no";"Adult";"U";"M"
"68";33455200;"CA766";"A1587482";"TUBS";"Dog";"Pit Bull Terrier";"no";"Adult";"F";"M"
"69";33961518;"CA766";"A1600456";"BAMBI";"Dog";"BoxerPit Bull Terrier";"yes";"Young";"F";"L"
"70";33174500;"CA766";"A1580300";"DONNY";"Dog";"Pit Bull Terrier";"no";"Adult";"M";"M"
"71";33452817;"CA766";"A1581939";"KODA";"Dog";"Pit Bull Terrier";"yes";"Adult";"M";"L"
"72";33222171;"CA766";"A1580568";"CHUCK";"Dog";"Labrador Retriever";"no";"Adult";"M";"L"
"73";33222190;"CA766";"A1581533";"WESLEY";"Cat";"Domestic Short Hair";"no";"Baby";"M";"S"
"74";33222183;"CA766";"A1581286";"PETER";"Rabbit";"Bunny Rabbit";"no";"Young";"F";"M"
"75";34006268;"CA766";"A1600639";"A1600639";"Dog";"English Toy Spaniel";"yes";"Adult";"M";"S"
"76";34006269;"CA766";"A1600643";"A1600643";"Dog";"American BulldogBoxer";"yes";"Adult";"M";"L"
"77";34006264;"CA766";"A1600480";"A1600480";"Cat";"Domestic Short Hair";"no";"Young";"M";"L"
"78";34006265;"CA766";"A1600623";"A1600623";"Dog";"Boxer";"no";"Adult";"F";"L"
"79";34006266;"CA766";"A1600624";"A1600624";"Dog";"BoxerPit Bull Terrier";"yes";"Young";"M";"L"
"80";34006260;"CA766";"A1600388";"A1600388";"Dog";"Chihuahua";"no";"Adult";"F";"M"
"81";34006263;"CA766";"A1600455";"A1600455";"Dog";"Belgian Shepherd Malinois";"yes";"Young";"M";"M"
"82";34006257;"CA766";"A1600342";"A1600342";"Dog";"Chihuahua";"no";"Adult";"F";"S"
"83";34006258;"CA766";"A1600367";"A1600367";"Dog";"Boxer";"no";"Adult";"M";"L"
"84";34006259;"CA766";"A1600379";"A1600379";"Dog";"Chihuahua";"no";"Young";"M";"S"
"85";34006253;"CA766";"A1600266";"A1600266";"Cat";"Domestic Short Hair";"no";"Young";"F";"M"
"86";34006252;"CA766";"A1600255";"A1600255";"Cat";"Domestic Short Hair";"no";"Young";"M";"M"
"87";34006255;"CA766";"A1600274";"A1600274";"Dog";"ChihuahuaDachshund";"yes";"Young";"M";"S"
"88";34006249;"CA766";"A1568084";"BERTHA";"Cat";"Domestic Short Hair";"no";"Adult";"F";"M"
"89";34006251;"CA766";"A1599140";"SWEETIE";"Dog";"German Shepherd Dog";"no";"Young";"F";"L"
"90";34006192;"CA766";"A1600227";"A1600227";"Dog";"Belgian Shepherd Malinois";"yes";"Young";"M";"L"
"91";34006193;"CA766";"A1600235";"A1600235";"Dog";"Yorkshire Terrier YorkieMaltese";"yes";"Young";"M";"S"
"92";34006194;"CA766";"A1600992";"A1600992";"Dog";"Chihuahua";"no";"Young";"M";"S"
"93";34006191;"CA766";"A1599698";"A1599698";"Dog";"Chihuahua";"yes";"Young";"F";"S"
"94";34012396;"CA766";"A1600952";"A1600952";"Dog";"Australian Shepherd";"yes";"Young";"M";"L"
"95";34012397;"CA766";"A1600958";"A1600958";"Dog";"Chihuahua";"no";"Adult";"F";"S"
"96";34012392;"CA766";"A1600774";"A1600774";"Cat";"Domestic Short Hair";"no";"Young";"F";"M"
"97";34012393;"CA766";"A1600884";"A1600884";"Cat";"Domestic Short Hair";"no";"Young";"F";"M"
"98";34012394;"CA766";"A1600886";"A1600886";"Cat";"Domestic Short Hair";"no";"Adult";"M";"L"
"99";34012395;"CA766";"A1600906";"A1600906";"Dog";"Staffordshire Bull Terrier";"no";"Young";"F";"M"
"100";34012389;"CA766";"A1598339";"A1598339";"Dog";"DachshundBeagle";"yes";"Young";"M";"S"
"101";34012390;"CA766";"A1600678";"A1600678";"Dog";"Bichon Frise";"yes";"Young";"F";"S"
"102";34012391;"CA766";"A1600684";"A1600684";"Dog";"Chihuahua";"yes";"Young";"M";"S"
"103";31675330;"CA766";"A1539558";"A1539558";"Rabbit";"American";"no";"Young";"M";"S"
"104";33469276;"CA766";"A1586288";"MAX";"Dog";"Pit Bull Terrier";"no";"Adult";"M";"L"
"105";34010867;"CA766";"A1601555";"FOREY";"Dog";"German Shepherd DogLabrador Retriever";"yes";"Young";"M";"M"
"106";34010866;"CA766";"A1601547";"FLUFFY";"Dog";"Chow ChowGerman Shepherd Dog";"yes";"Adult";"F";"M"
"107";34009882;"CA766";"A0852503";"PRECIOUS";"Dog";"ChihuahuaBorder Terrier";"yes";"Adult";"F";"S"
"108";34009883;"CA766";"A1190036";"A1190036";"Cat";"Domestic Short Hair";"yes";"Adult";"F";"L"
"109";33478622;"CA766";"A1587905";"A1587905";"Rabbit";"American";"no";"Young";"M";"S"
"110";33985377;"CA766";"A1601054";"SIMBA";"Cat";"Domestic Long Hair";"no";"Adult";"F";"L"
"111";29449907;"CA766";"A1479502";"A1479502";"Rabbit";"Bunny Rabbit";"no";"Adult";"F";"M"
"112";33984870;"CA766";"A1601046";"ROCKY";"Dog";"Chow Chow";"yes";"Adult";"M";"S"
"113";33745657;"CA766";"A1070682";"ROVER CLEVELAND";"Dog";"Pit Bull Terrier";"yes";"Adult";"M";"S"
"114";31648504;"CA766";"A1538881";"A1538881";"Rabbit";"Bunny Rabbit";"no";"Young";"M";"S"
"115";33491043;"CA766";"A1589434";"CHOCOLATE";"Dog";"Pit Bull Terrier";"no";"Young";"F";"M"
"116";32763356;"CA766";"A1570783";"POOKIE";"Dog";"Chihuahua";"no";"Young";"M";"S"
"117";32403109;"CA766";"A1551607";"A1551607";"Rabbit";"Bunny Rabbit";"no";"Young";"F";"M"
"118";33772965;"CA766";"A1595551";"BLIXEN";"Dog";"Pit Bull Terrier";"no";"Young";"M";"L"
"119";33772972;"CA766";"A1595603";"A1595603";"Dog";"Pit Bull Terrier";"no";"Adult";"F";"L"
"120";33771923;"CA766";"A1596700";"SAMSON";"Dog";"American Staffordshire Terrier";"no";"Young";"M";"L"
"121";33385655;"CA766";"A1585366";"DAGWOOD";"Dog";"Pit Bull Terrier";"yes";"Adult";"M";"M"
"122";33891401;"CA766";"A1598213";"ELMYRA";"Dog";"Labrador Retriever";"no";"Adult";"F";"M"
"123";33891403;"CA766";"A1598234";"SHADOW";"Dog";"Jack Russell Terrier (Parson Russell Terrier)Chihuahua";"yes";"Young";"M";"S"
"124";33891405;"CA766";"A1598269";"TACO";"Dog";"Staffordshire Bull Terrier";"no";"Adult";"M";"M"
"125";33891397;"CA766";"A1598092";"A1598092";"Cat";"Domestic Short Hair";"no";"Adult";"M";"L"
"126";33507900;"CA766";"A1588807";"SUGAR BABY";"Dog";"Bull Terrier";"yes";"Young";"F";"M"
"127";33507892;"CA766";"A1588705";"HERSHEY";"Dog";"Labrador RetrieverPit Bull Terrier";"yes";"Young";"F";"M"
"128";33644628;"CA766";"A1591818";"MIDNIGHT";"Dog";"American Staffordshire Terrier";"no";"Young";"M";"L"
"129";33644635;"CA766";"A1592152";"DAWSON-PAWSON";"Dog";"Pit Bull Terrier";"no";"Young";"M";"L"
"130";33782595;"CA766";"A1595810";"JOE";"Dog";"Pit Bull TerrierBoxer";"yes";"Adult";"M";"M"
"131";33782583;"CA766";"A1595512";"CAVE";"Dog";"Pit Bull Terrier";"yes";"Young";"M";"L"
"132";33782584;"CA766";"A1595646";"MOSSBERG";"Dog";"Pit Bull Terrier";"yes";"Adult";"M";"M"
"133";29790752;"CA766";"A1492537";"A1492537";"Rabbit";"Bunny Rabbit";"no";"Young";"F";"S"
"134";33517188;"CA766";"A1588892";"MOCA";"Dog";"Pit Bull Terrier";"no";"Young";"F";"L"
"135";33517187;"CA766";"A1588890";"SASSY";"Dog";"Pit Bull Terrier";"no";"Adult";"F";"L"
"136";33788520;"CA766";"A1596251";"JERSEY";"Dog";"Labrador RetrieverPit Bull Terrier";"yes";"Young";"F";"L"
"137";33526633;"CA766";"A1589270";"SHY-ANN";"Dog";"Shar PeiAkita";"yes";"Adult";"F";"L"
"138";33944256;"CA766";"A1529561";"PERCY";"Cat";"Domestic Short Hair";"no";"Adult";"M";"L"
"139";33942191;"CA766";"A1600139";"BUDDY";"Dog";"Pit Bull Terrier";"no";"Adult";"M";"L"
"140";33784799;"CA766";"A1596881";"ROCKY";"Dog";"German Shepherd Dog";"no";"Adult";"M";"L"
"141";33661156;"CA766";"A1593929";"RAY";"Dog";"Pit Bull Terrier";"no";"Young";"M";"L"
"142";32724967;"CA766";"A1568786";"JENNY";"Dog";"Pit Bull Terrier";"no";"Adult";"F";"L"
"143";33939660;"CA766";"A1592953";"A1592953";"Small & Furry";"Tarantula";"no";"Adult";"U";"S"
"144";33939667;"CA766";"A1599176";"BESSIE";"Dog";"Pit Bull Terrier";"no";"Adult";"F";"L"
"145";33939666;"CA766";"A1599174";"BRIX";"Dog";"Doberman Pinscher";"no";"Adult";"M";"L"
"146";33658313;"CA766";"A1570145";"BOLT";"Dog";"Pit Bull Terrier";"yes";"Young";"M";"L"
"147";33660659;"CA766";"A1593912";"A1593912";"Rabbit";"American";"no";"Baby";"M";"S"
"148";33936852;"CA766";"A1588311";"ROSCO";"Dog";"German Shepherd Dog";"no";"Adult";"M";"L"
"149";33655446;"CA766";"A1592461";"CORKY";"Dog";"Pit Bull Terrier";"no";"Adult";"M";"L"
"150";33655443;"CA766";"A1592418";"DENNIS";"Dog";"Pit Bull Terrier";"no";"Young";"M";"M"
"151";33929993;"CA766";"A1491736";"SQUEEKERS";"Dog";"Pit Bull Terrier";"no";"Adult";"M";"L"
"152";33685203;"CA766";"A1593187";"JASMINE";"Dog";"Pit Bull Terrier";"no";"Adult";"F";"L"
"153";32705363;"CA766";"A1569450";"ROXY";"Rabbit";"American";"no";"Adult";"F";"M"
"154";33923592;"CA766";"A1599808";"YOSHI";"Dog";"Dogue de Bordeaux";"yes";"Young";"M";"M"
"155";33550528;"CA766";"A1518978";"A1518978";"Rabbit";"American";"no";"Young";"M";"M"
"156";33550529;"CA766";"A1521553";"A1521553";"Rabbit";"Bunny Rabbit";"no";"Young";"F";"M"
"157";33411203;"CA766";"A1584484";"BLU";"Dog";"Pit Bull Terrier";"no";"Adult";"M";"L"
"158";33061555;"CA766";"A1577207";"A1577207";"Rabbit";"Bunny Rabbit";"no";"Young";"F";"M"
"159";33848887;"CA766";"A1597174";"DARBY";"Dog";"Bull Terrier";"no";"Adult";"F";"M"
"160";33832992;"CA766";"A1596873";"A1596873";"Dog";"Labrador Retriever";"yes";"Young";"F";"L"
"161";33832995;"CA766";"A1596880";"A1596880";"Dog";"Pit Bull Terrier";"no";"Young";"M";"L"
"162";33833000;"CA766";"A1596964";"A1596964";"Dog";"Pit Bull Terrier";"no";"Young";"M";"S"
"163";33294220;"CA766";"A1583168";"AUTUMN";"Dog";"Pit Bull Terrier";"no";"Adult";"F";"L"
"164";33299852;"CA766";"A1573247";"SPUDS";"Dog";"Bull Terrier";"yes";"Adult";"M";"M"
"165";33031424;"CA766";"A1577567";"BILLIE";"Dog";"Staffordshire Bull Terrier";"yes";"Young";"F";"M"
"166";33819258;"CA766";"A1597826";"YUMA";"Dog";"RottweilerPit Bull Terrier";"yes";"Young";"F";"L"
"167";33822838;"CA766";"A1596736";"GORDO";"Dog";"Dachshund";"yes";"Adult";"M";"S"
"168";33868169;"CA766";"A1309629";"TUDDY";"Dog";"Chihuahua";"yes";"Adult";"M";"S"
"169";33868170;"CA766";"A1588574";"ASTRO";"Dog";"American Staffordshire Terrier";"no";"Adult";"M";"L"
"170";33872920;"CA766";"A1597859";"TOBY";"Dog";"American Staffordshire Terrier";"no";"Adult";"M";"L"
"171";33872921;"CA766";"A1597896";"A1597896";"Cat";"Domestic Short Hair";"no";"Young";"F";"M"
"172";33872926;"CA766";"A1597994";"COLTON";"Dog";"Pit Bull Terrier";"no";"Young";"M";"L"
"173";33333068;"CA766";"A1572444";"A1572444";"Rabbit";"Bunny Rabbit";"no";"Young";"M";"S"
"174";33333069;"CA766";"A1572445";"CARAMEL CORN";"Rabbit";"Bunny Rabbit";"no";"Young";"F";"S"
"175";33871195;"CA766";"A1444714";"LUCKY";"Dog";"Pit Bull Terrier";"no";"Adult";"M";"M"
"176";33615058;"CA766";"A1591563";"BONES";"Dog";"Staffordshire Bull Terrier";"no";"Young";"F";"M"
"177";33863678;"CA766";"A1595495";"BLAKE";"Dog";"Cane Corso Mastiff";"yes";"Young";"F";"M"
"178";33341800;"CA766";"A1584257";"BAISL";"Rabbit";"Bunny Rabbit";"no";"Young";"M";"S"
"179";30815972;"CA766";"A1521554";"A1521554";"Rabbit";"Bunny Rabbit";"no";"Young";"M";"M"
"180";33606622;"CA766";"A1519271";"MOLLY";"Dog";"American Staffordshire Terrier";"no";"Adult";"F";"L"
"181";33606647;"CA766";"A1591364";"A1591364";"Dog";"Pit Bull TerrierLabrador Retriever";"yes";"Young";"F";"M"
"182";33606645;"CA766";"A1591343";"ARMANDO";"Dog";"Pit Bull Terrier";"no";"Adult";"M";"L"
"183";33606634;"CA766";"A1591173";"A1591173";"Rabbit";"Bunny Rabbit";"no";"Young";"M";"M"
"184";33606632;"CA766";"A1591169";"THEO";"Dog";"Pit Bull Terrier";"yes";"Adult";"M";"M"
"185";33348763;"CA766";"A1585506";"APRIL";"Dog";"Pit Bull Terrier";"no";"Adult";"F";"L"
"186";33611058;"CA766";"A1591300";"A1591300";"Rabbit";"Bunny Rabbit";"no";"Young";"M";"S"
"187";33611057;"CA766";"A1591299";"A1591299";"Rabbit";"Bunny Rabbit";"no";"Young";"M";"S"
"188";31137104;"CA766";"A1525369";"A1525369";"Rabbit";"Bunny Rabbit";"no";"Young";"M";"L"
"189";31137103;"CA766";"A1525368";"A1525368";"Rabbit";"Bunny Rabbit";"no";"Young";"M";"L"
"190";31137102;"CA766";"A1525367";"A1525367";"Rabbit";"Bunny Rabbit";"no";"Young";"F";"L"
"191";33914770;"CA766";"A1599587";"A1599587";"Dog";"Belgian Shepherd Malinois";"no";"Young";"F";"L"
"192";33914768;"CA766";"A1599580";"TIPSY";"Dog";"Pit Bull Terrier";"yes";"Adult";"F";"L"
"193";33914769;"CA766";"A1599586";"RHINO";"Dog";"Pit Bull Terrier";"no";"Adult";"M";"L"
"194";33117481;"CA766";"A1579967";"A.J.";"Dog";"American Staffordshire Terrier";"no";"Young";"F";"L"
"195";33625565;"CA766";"A1591840";"CRASH";"Dog";"Pit Bull Terrier";"no";"Adult";"M";"L"
"196";33625561;"CA766";"A1591806";"A1591806";"Rabbit";"Bunny Rabbit";"no";"Young";"M";"M"
"197";32252253;"CA766";"A1556930";"CHI CHI";"Dog";"Chihuahua";"no";"Young";"F";"S"
"198";33905346;"CA766";"A1592310";"A1592310";"Cat";"Domestic Medium Hair";"no";"Young";"M";"S"
"199";33900548;"CA766";"A1534857";"FEISTY";"Dog";"American Staffordshire Terrier";"no";"Adult";"F";"L"
"200";33620527;"CA766";"A1592649";"BEBE";"Dog";"Pit Bull Terrier";"yes";"Adult";"F";"L"
"201";33897078;"CA766";"A1598628";"LUNA";"Dog";"American Staffordshire Terrier";"no";"Young";"F";"L"
"202";19160408;"CA901";"Butter Cup";"Butter Cup";"Dog";"Chihuahua";"yes";"Adult";"F";"S"
"203";22546989;"CA901";"Lydia";"Lydia";"Dog";"Terrier";"no";"Young";"F";"S"
"204";31632141;"CA901";"character(0)";"Clementine";"Dog";"Chihuahua";"no";"Adult";"F";"S"
"205";31927616;"CA901";"Espresso";"Espresso";"Dog";"Chihuahua";"yes";"Baby";"M";"S"
"206";32596313;"CA901";"TOOTSIE";"Tootsie";"Dog";"ChihuahuaDachshund";"yes";"Baby";"F";"S"
"207";32898729;"CA901";"character(0)";"Amelia";"Dog";"TerrierCairn Terrier";"yes";"Adult";"F";"S"
"208";32951205;"CA901";"Sally";"Sally";"Cat";"Calico";"yes";"Baby";"F";"S"
"209";33247207;"CA901";"BOBO";"Bobo";"Dog";"Chihuahua";"yes";"Baby";"F";"S"
"210";33266923;"CA901";"MEO MEO";"MEO MEO";"Cat";"American Shorthair";"no";"Adult";"F";"S"
"211";33266954;"CA901";"TIRZA";"Tirza";"Cat";"American Shorthair";"yes";"Adult";"F";"S"
"212";33267037;"CA901";"MIDNIGHT";"Midnight";"Cat";"American Shorthair";"no";"Adult";"M";"S"
"213";33267145;"CA901";"BLANCH";"Blanch";"Cat";"American Shorthair";"yes";"Baby";"F";"S"
"214";33267218;"CA901";"ROSE";"Rose";"Cat";"American Shorthair";"yes";"Adult";"F";"S"
"215";33267284;"CA901";"DOROTHY";"Dorothy";"Cat";"American Shorthair";"no";"Adult";"F";"S"
"216";33877315;"CA901";"BLOSSOM";"Blossom";"Dog";"Chihuahua";"yes";"Baby";"F";"S"
"217";32043994;"CA2281";"character(0)";"Annabelle";"Cat";"CalicoTabby";"yes";"Adult";"F";"S"
"218";33853969;"CA2395";"2";"Batman";"Dog";"Rat Terrier";"no";"Young";"M";"S"
"219";34004290;"CA2395";"3";"Benji";"Dog";"Jack Russell Terrier (Parson Russell Terrier)";"no";"Young";"M";"M"
"220";33893860;"CA1794";"201695";"Meo";"Cat";"Tuxedo";"no";"Baby";"F";"M"
"221";32560897;"CA250";"character(0)";"Tesla";"Dog";"Pointer";"no";"Young";"F";"M"
"222";31041678;"CA2260";"character(0)";"Jade";"Cat";"Domestic Long Hair-black and white";"yes";"Young";"F";"M"
"223";32442694;"CA2260";"character(0)";"Ivory";"Cat";"Domestic Short Hair";"yes";"Young";"M";"M"
"224";33336542;"CA2260";"character(0)";"Mara";"Cat";"Domestic Medium Hair";"yes";"Adult";"F";"L"
"225";33557885;"CA2260";"character(0)";"Tyga";"Cat";"Domestic Short Hair";"yes";"Young";"M";"M"
"226";33839893;"CA2260";"character(0)";"Tweety";"Cat";"Domestic Short Hair";"yes";"Adult";"F";"L"
"227";33569991;"CA2386";"S0028";"Bert";"Dog";"Pug";"no";"Senior";"M";"S"
"228";33569993;"CA2386";"C0324";"JP";"Dog";"Pug";"no";"Senior";"M";"S"
"229";33569994;"CA2386";"T0391";"Madeline";"Dog";"Pug";"no";"Senior";"F";"S"
"230";33569997;"CA2386";"S0471";"Benji";"Dog";"Pug";"no";"Senior";"M";"S"
"231";33570001;"CA2386";"S0537";"Karma";"Dog";"Pug";"no";"Senior";"F";"S"
"232";33570007;"CA2386";"S0593";"Chanel";"Dog";"Pug";"no";"Senior";"F";"S"
"233";33570010;"CA2386";"R0622";"Boogie";"Dog";"Pug";"no";"Adult";"M";"S"
"234";33570012;"CA2386";"S0642";"Phillip";"Dog";"Pug";"no";"Adult";"M";"S"
"235";33570013;"CA2386";"S0643";"Bradford";"Dog";"PugChihuahua";"yes";"Adult";"M";"S"
"236";33570019;"CA2386";"S0665";"Sabriye";"Dog";"Pug";"no";"Senior";"F";"S"
"237";33625316;"CA2386";"S0686";"Nate";"Dog";"Pug";"no";"Adult";"M";"S"
"238";33712976;"CA2386";"S0676";"Kendrick";"Dog";"PugShih Tzu";"yes";"Adult";"M";"S"
"239";33712977;"CA2386";"S0705";"Tilbert";"Dog";"Pug";"no";"Adult";"M";"S"
"240";33745410;"CA2386";"S0715";"Bambi";"Dog";"Pug";"no";"Adult";"F";"S"
"241";33762772;"CA2386";"S0716";"Belle";"Dog";"Pug";"no";"Young";"F";"S"
"242";33781617;"CA2386";"S0711";"Tiger";"Dog";"Pug";"no";"Adult";"M";"S"
"243";33803435;"CA2386";"S0712";"Kandy Korn";"Dog";"PugDachshund";"yes";"Adult";"F";"S"
"244";33803436;"CA2386";"S0713";"Pumpkin";"Dog";"PugDachshund";"yes";"Baby";"M";"S"
"245";33841849;"CA2386";"S0701";"Gaoxing";"Dog";"Pug";"no";"Senior";"F";"S"
"246";33841850;"CA2386";"R0725";"Jewels";"Dog";"Pug";"no";"Young";"F";"S"
"247";33863467;"CA2386";"R0722";"Luna";"Dog";"Pug";"no";"Young";"F";"S"
"248";33881415;"CA2386";"S0723";"Jumpin' Willie";"Dog";"Pug";"no";"Young";"M";"S"
"249";33911104;"CA2386";"S0627";"Matilda";"Dog";"Pug";"no";"Senior";"F";"S"
"250";33911105;"CA2386";"S0630";"Tolo";"Dog";"Pug";"no";"Adult";"M";"S"
"251";33911106;"CA2386";"S0726";"Lilibet";"Dog";"Pug";"no";"Adult";"F";"S"
"252";33919484;"CA2386";"S0727";"Sweet Cheeks";"Dog";"Pug";"no";"Adult";"F";"S"
"253";33919485;"CA2386";"S0734";"Pinka";"Dog";"Pug";"no";"Senior";"F";"S"
"254";33929648;"CA2386";"S0729";"Autumn";"Dog";"French Bulldog";"no";"Adult";"F";"S"
"255";33947976;"CA2386";"S0731";"Thomas";"Dog";"Pug";"no";"Senior";"M";"S"
"256";33969680;"CA2386";"R0736";"Frankie";"Dog";"Pug";"no";"Adult";"F";"S"
"257";33978823;"CA2386";"S0730";"Shiitake";"Dog";"PugChihuahua";"yes";"Young";"F";"S"
"258";33996795;"CA2386";"S0733";"Alfie";"Dog";"Pug";"no";"Adult";"M";"S"
"259";33996797;"CA2386";"R0740";"Harley";"Dog";"Pug";"no";"Senior";"F";"S"
"260";33917097;"CA673";"A4901407";"CAHARLIE";"Dog";"Pit Bull Terrier";"no";"Young";"M";"L"
"261";33917098;"CA673";"A4901412";"MAX";"Dog";"Pit Bull Terrier";"no";"Young";"M";"L"
"262";33917676;"CA673";"A4899221";"A4899221";"Rabbit";"Bunny Rabbit";"no";"Young";"U";"M"
"263";33917677;"CA673";"A4900712";"BEAUTY";"Dog";"Jindo";"no";"Adult";"F";"M"
"264";33792418;"CA673";"A4897304";"MISTY";"Dog";"BoxerPit Bull Terrier";"yes";"Young";"F";"S"
"265";33792417;"CA673";"A4897296";"GUNTER";"Dog";"Pit Bull Terrier";"no";"Adult";"M";"M"
"266";33810526;"CA673";"A4898143";"AUDI";"Dog";"Pit Bull Terrier";"no";"Young";"F";"M"
"267";33810527;"CA673";"A4898144";"RAH RAH";"Dog";"Pit Bull Terrier";"no";"Young";"F";"L"
"268";33512665;"CA673";"A4887080";"MACK";"Dog";"Pit Bull Terrier";"yes";"Young";"M";"L"
"269";33750901;"CA673";"A4894755";"A4894755";"Dog";"Pit Bull Terrier";"no";"Young";"M";"L"
"270";33974397;"CA673";"A4898099";"A4898099";"Cat";"Domestic Short Hair";"yes";"Young";"M";"M"
"271";33974398;"CA673";"A4899246";"NANA";"Cat";"Domestic Short Hair";"no";"Senior";"F";"L"
"272";33966323;"CA673";"A4710817";"LINA";"Cat";"Domestic Short Hair";"yes";"Adult";"F";"M"
"273";33976093;"CA673";"A4901404";"BLOSSOM";"Cat";"Domestic Short Hair";"no";"Senior";"F";"L"
"274";33976092;"CA673";"A4894880";"STYLZ";"Cat";"Domestic Short Hair";"no";"Young";"M";"M"
"275";33977630;"CA673";"A4903288";"CRONOS";"Dog";"German Shepherd DogLabrador Retriever";"yes";"Young";"M";"L"
"276";33953049;"CA673";"A4902512";"WOODY";"Dog";"ChihuahuaPoodle";"yes";"Young";"M";"S"
"277";33707900;"CA673";"A4894402";"A4894402";"Dog";"Pit Bull Terrier";"no";"Young";"M";"L"
"278";34004820;"CA673";"A4904189";"MARNI";"Dog";"Chihuahua";"no";"Adult";"M";"M"
"279";34011190;"CA673";"A4904435";"SYDNEY";"Dog";"Poodle";"no";"Adult";"M";"M"
"280";33996211;"CA673";"A4903960";"SMOKEY";"Dog";"Pit Bull TerrierDalmatian";"yes";"Adult";"M";"M"
"281";33750307;"CA673";"A4883802";"SHINO";"Rabbit";"Bunny Rabbit";"yes";"Baby";"M";"S"
"282";33993026;"CA673";"A4903287";"LOBA";"Dog";"Labrador Retriever";"no";"Young";"F";"L"
"283";33641516;"CA673";"A4891861";"GOONIE";"Dog";"Pit Bull Terrier";"no";"Young";"M";"M"
"284";33778570;"CA673";"A4896918";"ROXIE";"Dog";"German Shepherd DogGreat Dane";"yes";"Young";"F";"M"
"285";17281862;"CA673";"character(0)";"Gigi";"Cat";"Domestic Short Hair - gray and white";"yes";"Baby";"F";"M"
"286";17281897;"CA673";"character(0)";"Lola";"Cat";"Extra-Toes Cat (Hemingway Polydactyl)Domestic Medium Hair-black and white";"yes";"Baby";"F";"S"
"287";33673919;"CA673";"A4892964";"DOM";"Dog";"Pit Bull Terrier";"no";"Young";"M";"L"
"288";16913760;"CA673";"character(0)";"Louis";"Cat";"Tuxedo";"no";"Baby";"M";"S"
"289";16913750;"CA673";"character(0)";"Felix";"Cat";"Tuxedo";"yes";"Adult";"M";"L"
"290";33561619;"CA673";"A4874668";"CUTIE";"Dog";"Labrador Retriever";"yes";"Young";"F";"L"
"291";33821958;"CA673";"A4898509";"PEBBLES";"Dog";"Pit Bull Terrier";"no";"Young";"F";"L"
"292";33851915;"CA673";"A4899337";"CHLOE";"Dog";"Pit Bull Terrier";"no";"Young";"F";"L"
"293";33910852;"CA673";"A4901251";"BELLA";"Dog";"Pit Bull Terrier";"no";"Adult";"F";"L"
"294";30186797;"CA1626";"character(0)";"Teddy";"Dog";"BeagleDachshund";"yes";"Adult";"M";"S"
"295";32442725;"CA2260";"character(0)";"Bambi";"Cat";"Domestic Short Hair-black and white";"no";"Young";"F";"M"
"296";32443002;"CA2260";"character(0)";"Ivy";"Cat";"Domestic Short Hair";"yes";"Adult";"F";"M"
"297";33335248;"CA2260";"character(0)";"Nicki";"Cat";"Domestic Short Hair-black";"yes";"Young";"F";"M"
"298";33858676;"CA2260";"character(0)";"Alec";"Cat";"Domestic Short Hair";"yes";"Baby";"M";"M"
"299";33956368;"CA2260";"character(0)";"Bouncer";"Cat";"Domestic Short Hair";"yes";"Baby";"M";"M"
"300";33956666;"CA2260";"character(0)";"Max";"Cat";"Domestic Short Hair";"yes";"Baby";"M";"M"
"301";33976978;"CA2260";"character(0)";"Emmie";"Cat";"Domestic Long Hair";"yes";"Adult";"F";"M"
"302";33808941;"CA607";"A4866460";"DANDELION";"Dog";"Labrador Retriever";"no";"Adult";"F";"M"
"303";33808940;"CA607";"A4866438";"DARLING";"Dog";"Pit Bull Terrier";"no";"Adult";"F";"M"
"304";33808945;"CA607";"A4898090";"A4898090";"Cat";"Domestic Short Hair";"no";"Adult";"M";"L"
"305";33811159;"CA607";"A4689084";"BLUE";"Dog";"Pit Bull Terrier";"no";"Young";"M";"M"
"306";33392005;"CA607";"A4882175";"SPEEDY";"Rabbit";"Bunny Rabbit";"yes";"Adult";"M";"M"
"307";33776173;"CA607";"A4807630";"TIGRE";"Dog";"Catahoula Leopard DogPit Bull Terrier";"yes";"Adult";"M";"L"
"308";34002880;"CA607";"A1728204";"FEO";"Dog";"Chihuahua";"no";"Senior";"M";"M"
"309";34001496;"CA607";"A4904073";"A4904073";"Dog";"Poodle";"yes";"Young";"F";"S"
"310";34001497;"CA607";"A4904074";"A4904074";"Dog";"Chihuahua";"yes";"Young";"F";"S"
"311";34001498;"CA607";"A4904075";"A4904075";"Dog";"Chihuahua";"yes";"Young";"F";"S"
"312";34001495;"CA607";"A4904072";"A4904072";"Dog";"Chihuahua";"yes";"Young";"F";"S"
"313";33974390;"CA607";"A4900703";"FLUFFY";"Cat";"Domestic Long Hair";"yes";"Adult";"F";"M"
"314";33975071;"CA607";"A4903181";"CHARLOTTE";"Rabbit";"Bunny Rabbit";"no";"Adult";"F";"M"
"315";33965797;"CA607";"A4650764";"RASCAL";"Dog";"Boxer";"yes";"Adult";"M";"M"
"316";33965796;"CA607";"A1365240";"OSITIO";"Dog";"German Shepherd Dog";"yes";"Senior";"M";"M"
"317";33968066;"CA607";"A4903006";"CREEDO";"Dog";"Pit Bull Terrier";"no";"Adult";"M";"M"
"318";33968065;"CA607";"A4899764";"SNOOKS";"Dog";"Boston TerrierChihuahua";"yes";"Adult";"M";"M"
"319";33967446;"CA607";"A4902983";"MAGGIE";"Dog";"Chihuahua";"no";"Adult";"F";"M"
"320";33966316;"CA607";"A4902905";"EINSTEIN";"Dog";"German Shepherd Dog";"no";"Senior";"M";"M"
"321";33442885;"CA607";"A4880266";"HALIE";"Dog";"Chihuahua";"yes";"Young";"F";"M"
"322";33442881;"CA607";"A4879938";"MOLLY MALONE";"Dog";"Pit Bull Terrier";"yes";"Adult";"F";"M"
"323";33952577;"CA607";"A4902483";"CRYSTAL";"Dog";"Pit Bull Terrier";"no";"Adult";"F";"M"
"324";33953042;"CA607";"A4902526";"KITTY";"Cat";"Domestic Short Hair";"yes";"Young";"F";"M"
"325";33954313;"CA607";"A4894822";"MUNICO";"Dog";"Chihuahua";"no";"Senior";"M";"M"
"326";33954314;"CA607";"A4894824";"FLACO";"Dog";"Chihuahua";"no";"Senior";"M";"M"
"327";33954317;"CA607";"A4898208";"BRUTUS";"Dog";"Miniature Pinscher";"no";"Adult";"M";"M"
"328";33954316;"CA607";"A4898084";"HARRY";"Dog";"Chihuahua";"no";"Young";"M";"S"
"329";33954320;"CA607";"A4901424";"EDGAR";"Dog";"Terrier";"no";"Young";"M";"M"
"330";33954540;"CA607";"A4899263";"DAFFODIL";"Dog";"Chihuahua";"no";"Young";"F";"M"
"331";33954541;"CA607";"A4899400";"COCOA";"Dog";"Pit Bull Terrier";"yes";"Adult";"F";"M"
"332";33954539;"CA607";"A4894862";"PEANUT";"Dog";"Chihuahua";"no";"Adult";"M";"M"
"333";33954537;"CA607";"A4893454";"TRUMAN";"Dog";"German Shepherd Dog";"yes";"Adult";"M";"M"
"334";33954535;"CA607";"A4890798";"KIPPER";"Dog";"Pit Bull Terrier";"no";"Young";"M";"M"
"335";33954533;"CA607";"A4888149";"ROSEMARY (CYNTHIA)";"Dog";"Dutch Shepherd";"no";"Adult";"F";"M"
"336";33954551;"CA607";"A4900927";"GLOVIS";"Dog";"Pit Bull Terrier";"no";"Adult";"F";"M"
"337";33954549;"CA607";"A4900557";"LADY PENELOPE";"Dog";"Pit Bull Terrier";"no";"Adult";"F";"M"
"338";33954547;"CA607";"A4900333";"ZELDA";"Dog";"ChihuahuaTerrier";"yes";"Young";"F";"M"
"339";34000755;"CA607";"A3560527";"BRUCEY";"Dog";"German Shepherd Dog";"yes";"Senior";"M";"L"
"340";34000757;"CA607";"A4904052";"A4904052";"Dog";"Chihuahua";"no";"Adult";"F";"M"
"341";34000756;"CA607";"A4904051";"A4904051";"Dog";"Chihuahua";"no";"Adult";"F";"M"
"342";34000759;"CA607";"A4904054";"A4904054";"Dog";"Chihuahua";"no";"Baby";"F";"M"
"343";34000758;"CA607";"A4904053";"BURRITA";"Dog";"Chihuahua";"no";"Adult";"F";"M"
"344";33999384;"CA607";"A4904029";"LESTER";"Dog";"German Shepherd Dog";"no";"Young";"M";"M"
"345";34004394;"CA607";"A4902401";"LLOYD";"Dog";"DachshundTerrier";"yes";"Young";"M";"S"
"346";32473154;"CA607";"A4036783";"TACO";"Dog";"Chihuahua";"yes";"Adult";"M";"M"
"347";34010433;"CA607";"A4901496";"DUKE";"Dog";"Manchester Terrier";"yes";"Young";"M";"M"
"348";34010859;"CA607";"A4904405";"A4904405";"Cat";"Domestic Short Hair";"no";"Young";"F";"M"
"349";34010860;"CA607";"A4904406";"A4904406";"Cat";"Domestic Short Hair";"no";"Young";"M";"M"
"350";34010861;"CA607";"A4904407";"A4904407";"Cat";"Domestic Short Hair";"no";"Young";"F";"M"
"351";34010862;"CA607";"A4904408";"A4904408";"Cat";"Domestic Short Hair";"no";"Young";"F";"M"
"352";34009875;"CA607";"A3349752";"MAX";"Dog";"Chihuahua";"yes";"Senior";"M";"M"
"353";33985361;"CA607";"A4903529";"WHITE BOY";"Dog";"Pit Bull Terrier";"no";"Adult";"M";"M"
"354";33986455;"CA607";"A4903596";"JACK";"Dog";"Shih TzuTerrier";"yes";"Adult";"M";"M"
"355";33992398;"CA607";"A4902018";"SWEET CLEMENTINE";"Dog";"Pit Bull Terrier";"yes";"Young";"F";"M"
"356";33482616;"CA607";"A4886081";"FLANIGAN";"Rabbit";"Rex";"yes";"Young";"M";"M"
"357";33995713;"CA607";"A1652966";"SAMANTHA 11";"Dog";"Terrier";"yes";"Senior";"F";"M"
"358";33493588;"CA607";"A4857608";"ISSAC NEWTON";"Rabbit";"Bunny Rabbit";"yes";"Young";"M";"L"
"359";33893878;"CA607";"A4889445";"DAGWOOD";"Dog";"Beauceron";"yes";"Young";"M";"M"
"360";33382412;"CA607";"A4881888";"CHIEF";"Rabbit";"Bunny Rabbit";"yes";"Young";"F";"M"
"361";33892369;"CA607";"A4493910";"OPOEIA";"Dog";"Chihuahua";"yes";"Adult";"F";"M"
"362";33023810;"CA607";"A4866909";"A4866909";"Rabbit";"Bunny Rabbit";"yes";"Young";"F";"S"
"363";33379959;"CA607";"A4881746";"YOGIE";"Dog";"Chihuahua";"yes";"Adult";"M";"S"
"364";32416122;"CA607";"A4839298";"YOKO ONO";"Rabbit";"Bunny Rabbit";"yes";"Young";"F";"M"
"365";33667718;"CA607";"A4892774";"REGALO";"Dog";"Chihuahua";"no";"Adult";"M";"M"
"366";33944865;"CA607";"A4902282";"A4902282";"Dog";"Labrador RetrieverRat Terrier";"yes";"Young";"F";"M"
"367";33944866;"CA607";"A4902283";"A4902283";"Dog";"Labrador RetrieverPit Bull Terrier";"yes";"Young";"F";"M"
"368";33786209;"CA607";"A4889335";"FERGUS";"Dog";"Chihuahua";"yes";"Adult";"M";"M"
"369";33786592;"CA607";"A4890301";"HOMER";"Dog";"Pit Bull TerrierAmerican Bulldog";"yes";"Adult";"M";"M"
"370";33786598;"CA607";"A4893742";"KYLE";"Dog";"Chihuahua";"no";"Senior";"M";"M"
"371";33786597;"CA607";"A4893200";"ROXY";"Dog";"English Pointer";"yes";"Adult";"F";"M"
"372";33937886;"CA607";"A4898752";"A4898752";"Cat";"Domestic Short Hair";"no";"Young";"F";"M"
"373";33658292;"CA607";"A4888148";"SAGE";"Dog";"Australian ShepherdPointer";"yes";"Adult";"F";"M"
"374";33937442;"CA607";"A4902128";"JOEY";"Dog";"German Shepherd DogShar Pei";"yes";"Young";"M";"M"
"375";33936209;"CA607";"A4902042";"LUCKY";"Dog";"TerrierTerrier";"yes";"Adult";"M";"M"
"376";33659678;"CA607";"A4892471";"TINO";"Dog";"Pit Bull TerrierWeimaraner";"yes";"Young";"M";"M"
"377";33799399;"CA607";"A4895905";"DENNIE";"Cat";"Domestic Short Hair";"no";"Young";"F";"M"
"378";33550493;"CA607";"A4881174";"WILMA";"Dog";"German Shepherd Dog";"yes";"Adult";"F";"L"
"379";33550492;"CA607";"A4881172";"WILEY";"Dog";"Labrador Retriever";"yes";"Adult";"M";"L"
"380";33550500;"CA607";"A4884321";"COOPER";"Dog";"Labrador Retriever";"yes";"Adult";"M";"M"
"381";33845947;"CA607";"A4899174";"LILLY";"Dog";"Chihuahua";"no";"Young";"F";"M"
"382";33580691;"CA607";"A4889575";"JEAN";"Dog";"Pit Bull Terrier";"no";"Young";"F";"M"
"383";33831526;"CA607";"A4898797";"J.C.";"Dog";"Chihuahua";"no";"Young";"M";"M"
"384";33877822;"CA607";"A4900215";"BLACK DIAMOND";"Dog";"Pit Bull Terrier";"no";"Adult";"M";"M"
"385";33613821;"CA607";"A1422612";"BUDDY";"Dog";"Labrador Retriever";"yes";"Senior";"M";"M"
"386";33623935;"CA607";"A4891158";"A4891158";"Cat";"Domestic Short Hair";"no";"Young";"F";"L"
"387";33623932;"CA607";"A4891155";"A4891155";"Cat";"Domestic Short Hair";"no";"Young";"F";"L"
"388";33623940;"CA607";"A4891164";"A4891164";"Cat";"Domestic Short Hair";"no";"Young";"M";"L"
"389";33623941;"CA607";"A4891165";"MITTENS";"Cat";"Domestic Short Hair";"no";"Young";"M";"L"
"390";33937461;"CA990";"16-12084";"16-12084";"Cat";"Domestic Short Hair";"no";"Adult";"M";"M"
"391";33953782;"CA990";"16-12410";"16-12410";"Cat";"Domestic Medium Hair";"no";"Adult";"M";"M"
"392";33953777;"CA990";"16-12393";"16-12393";"Dog";"German Shepherd Dog";"no";"Adult";"M";"M"
"393";34002149;"CA990";"16-12486";"16-12486";"Dog";"Poodle";"no";"Adult";"M";"M"
"394";34008883;"CA990";"16-12735";"16-12735";"Dog";"Terrier";"no";"Adult";"M";"M"
"395";34007425;"CA990";"16-12732";"16-12732";"Dog";"Terrier";"no";"Adult";"M";"M"
"396";34007424;"CA990";"16-12718";"16-12718";"Dog";"Chihuahua";"no";"Adult";"M";"M"
"397";34007426;"CA990";"16-12733";"16-12733";"Dog";"Terrier";"no";"Adult";"M";"M"
"398";33996241;"CA990";"16-12588";"16-12588";"Dog";"Poodle";"no";"Adult";"M";"M"
"399";33996240;"CA990";"16-10861";"16-10861";"Cat";"Domestic Short Hair";"no";"Adult";"M";"M"
"400";33996243;"CA990";"16-12671";"16-12671";"Dog";"German Shepherd Dog";"no";"Adult";"M";"M"
"401";33996242;"CA990";"16-12646";"16-12646";"Dog";"Chihuahua";"no";"Adult";"F";"M"
"402";33996238;"CA990";"16-10859";"16-10859";"Cat";"Domestic Short Hair";"no";"Adult";"F";"M"
"403";33996239;"CA990";"16-10860";"16-10860";"Cat";"Domestic Short Hair";"no";"Adult";"M";"M"
"404";33993037;"CA990";"16-12621";"16-12621";"Cat";"Domestic Short Hair";"no";"Baby";"M";"M"
"405";33993039;"CA990";"16-12628";"16-12628";"Dog";"Pit Bull Terrier";"no";"Adult";"M";"M"
"406";33993038;"CA990";"16-12627";"16-12627";"Dog";"Pit Bull Terrier";"no";"Adult";"M";"M"
"407";33993040;"CA990";"16-12635";"16-12635";"Dog";"Poodle";"no";"Adult";"M";"M"
"408";33994704;"CA990";"16-12637";"16-12637";"Dog";"Terrier";"no";"Adult";"F";"M"
"409";33994707;"CA990";"16-12653";"16-12653";"Dog";"Chihuahua";"no";"Adult";"F";"M"
"410";33994706;"CA990";"16-12652";"16-12652";"Cat";"Domestic Short Hair";"no";"Adult";"M";"M"
"411";33966941;"CA990";"16-12457";"16-12457";"Cat";"Domestic Short Hair";"no";"Baby";"F";"M"
"412";33966940;"CA990";"16-12456";"16-12456";"Cat";"Domestic Short Hair";"no";"Adult";"F";"M"
"413";33969688;"CA990";"16-12500";"16-12500";"Dog";"Pit Bull Terrier";"no";"Adult";"M";"M"
"414";33974424;"CA990";"16-12466";"16-12466";"Dog";"Terrier";"no";"Baby";"M";"M"
"415";33976718;"CA990";"16-12536";"16-12536";"Dog";"Terrier";"no";"Adult";"F";"M"
"416";33978546;"CA990";"16-12542";"16-12542";"Dog";"Chihuahua";"no";"Adult";"M";"M"
"417";33978549;"CA990";"16-12555";"16-12555";"Dog";"Chihuahua";"no";"Adult";"M";"M"
"418";34005341;"CA990";"16-12708";"16-12708";"Dog";"Jindo";"no";"Adult";"F";"M"
"419";34005340;"CA990";"16-12706";"16-12706";"Dog";"Chihuahua";"no";"Adult";"M";"M"
"420";34005343;"CA990";"16-12715";"16-12715";"Dog";"Yorkshire Terrier Yorkie";"no";"Adult";"F";"M"
"421";34005342;"CA990";"16-12714";"16-12714";"Dog";"Chihuahua";"no";"Adult";"F";"M"
"422";34005348;"CA990";"16-12728";"16-12728";"Cat";"Domestic Medium Hair";"no";"Baby";"F";"M"
"423";34005346;"CA990";"16-12724";"16-12724";"Dog";"Corgi";"no";"Adult";"F";"M"
"424";34005347;"CA990";"16-12727";"16-12727";"Cat";"Domestic Medium Hair";"no";"Baby";"F";"M"
"425";34005851;"CA990";"16-12726";"16-12726";"Cat";"Domestic Long Hair";"no";"Baby";"M";"M"
"426";34005852;"CA990";"16-12729";"16-12729";"Cat";"Domestic Medium Hair";"no";"Baby";"M";"M"
"427";34012165;"CA990";"16-12750";"16-12750";"Dog";"Boxer";"no";"Adult";"F";"M"
"428";34011214;"CA990";"16-12767";"16-12767";"Cat";"Domestic Short Hair";"no";"Adult";"F";"M"
"429";34011213;"CA990";"16-12764";"16-12764";"Dog";"Poodle";"no";"Adult";"M";"M"
"430";34011212;"CA990";"16-12760";"16-12760";"Dog";"English Bulldog";"no";"Adult";"M";"M"
"431";34011211;"CA990";"16-12752";"16-12752";"Dog";"Boxer";"no";"Adult";"F";"M"
"432";34011210;"CA990";"16-12741";"16-12741";"Cat";"Domestic Short Hair";"no";"Adult";"F";"M"
"433";34011209;"CA990";"16-12723";"16-12723";"Dog";"Chihuahua";"no";"Adult";"M";"M"
"434";34011208;"CA990";"16-12691";"16-12691";"Cat";"Domestic Long Hair";"no";"Baby";"M";"M"
"435";34011207;"CA990";"16-12606";"16-12606";"Dog";"Chihuahua";"no";"Baby";"M";"M"
"436";34011206;"CA990";"16-12596";"16-12596";"Cat";"Siamese";"no";"Baby";"M";"M"
"437";34011205;"CA990";"16-12595";"16-12595";"Cat";"Domestic Short Hair";"no";"Baby";"M";"M"
"438";34011204;"CA990";"16-12593";"16-12593";"Cat";"Domestic Short Hair";"no";"Baby";"F";"M"
"439";34011768;"CA990";"16-12749";"16-12749";"Dog";"Boxer";"no";"Adult";"M";"M"
"440";34011769;"CA990";"16-12780";"16-12780";"Cat";"Domestic Short Hair";"no";"Adult";"F";"M"
"441";34011770;"CA990";"16-12782";"16-12782";"Cat";"Domestic Short Hair";"no";"Adult";"M";"M"
"442";34010465;"CA990";"16-12747";"16-12747";"Dog";"Shih Tzu";"no";"Adult";"M";"M"
"443";34010462;"CA990";"16-12389";"16-12389";"Dog";"Corgi";"no";"Adult";"M";"M"
"444";34010463;"CA990";"16-12739";"16-12739";"Dog";"Labrador Retriever";"no";"Adult";"F";"M"
"445";33984208;"CA990";"16-12581";"16-12581";"Cat";"Domestic Short Hair";"no";"Adult";"F";"M"
"446";33984209;"CA990";"16-12582";"16-12582";"Cat";"Domestic Medium Hair";"no";"Baby";"M";"M"
"447";33984210;"CA990";"16-12583";"16-12583";"Cat";"Domestic Long Hair";"no";"Baby";"M";"M"
"448";33984211;"CA990";"16-12587";"16-12587";"Dog";"Terrier";"no";"Adult";"M";"M"
"449";33987329;"CA990";"16-12600";"16-12600";"Dog";"Pit Bull Terrier";"no";"Adult";"M";"M"
"450";33987328;"CA990";"16-11577";"16-11577";"Cat";"Domestic Medium Hair";"no";"Adult";"F";"M"
"451";33985950;"CA990";"16-12601";"16-12601";"Dog";"Corgi";"no";"Adult";"F";"M"
"452";33985949;"CA990";"16-12591";"16-12591";"Dog";"Labrador Retriever";"no";"Adult";"F";"M"
"453";33985948;"CA990";"16-12566";"16-12566";"Dog";"Labrador Retriever";"no";"Adult";"F";"M"
"454";33985947;"CA990";"16-12562";"16-12562";"Cat";"Domestic Short Hair";"no";"Adult";"F";"M"
"455";33960691;"CA990";"16-12423";"16-12423";"Cat";"Domestic Short Hair";"no";"Adult";"M";"M"
"456";33961520;"CA990";"16-12446";"16-12446";"Dog";"Pit Bull Terrier";"no";"Adult";"M";"M"
"457";33997291;"CA990";"16-12678";"16-12678";"Dog";"Shih Tzu";"no";"Adult";"F";"M"
"458";34004415;"CA990";"16-09763";"16-09763";"Cat";"Domestic Short Hair";"no";"Adult";"F";"M"
"459";34004418;"CA990";"16-12701";"16-12701";"Dog";"Terrier";"no";"Adult";"F";"M"
"460";34004416;"CA990";"16-12683";"16-12683";"Cat";"Siamese";"no";"Adult";"F";"M"
"461";34004417;"CA990";"16-12699";"16-12699";"Dog";"Shetland Sheepdog Sheltie";"no";"Adult";"F";"M"
"462";33889689;"CA990";"16-11976";"16-11976";"Cat";"Domestic Short Hair";"no";"Adult";"F";"M"
"463";33946630;"CA990";"16-12311";"16-12311";"Dog";"Pit Bull Terrier";"no";"Adult";"F";"M"
"464";33931407;"CA990";"16-12229";"16-12229";"Dog";"Terrier";"no";"Adult";"M";"M"
"465";33931409;"CA990";"16-12231";"16-12231";"Dog";"Pit Bull Terrier";"no";"Adult";"M";"M"
"466";33966942;"CA990";"16-12458";"16-12458";"Cat";"Domestic Short Hair";"no";"Adult";"F";"M"
"467";33878494;"CA990";"16-11872";"16-11872";"Dog";"Pit Bull Terrier";"no";"Adult";"M";"M"
"468";32522006;"CA193";"character(0)";"Sunshine";"Rabbit";"Harlequin";"no";"Adult";"F";"M"
"469";32522078;"CA193";"character(0)";"Mr Luis";"Rabbit";"Bunny Rabbit";"no";"Young";"M";"S"
"470";32838938;"CA193";"character(0)";"Dante";"Rabbit";"Mini Rex";"no";"Young";"M";"S"
"471";32838964;"CA193";"character(0)";"Rosemary";"Rabbit";"Bunny Rabbit";"no";"Adult";"F";"M"
"472";32838973;"CA193";"character(0)";"Babys";"Rabbit";"Bunny Rabbit";"no";"Baby";"F";"S"
"473";33771558;"CA193";"character(0)";"Sonja";"Rabbit";"Lop Eared";"no";"Adult";"F";"M"
"474";33771597;"CA193";"character(0)";"Barbie";"Rabbit";"Bunny Rabbit";"no";"Baby";"F";"S"
"475";33771648;"CA193";"character(0)";"Trio";"Rabbit";"Bunny Rabbit";"no";"Baby";"F";"S"
"476";33771677;"CA193";"character(0)";"Rebecca";"Rabbit";"Bunny Rabbit";"no";"Adult";"F";"M"
"477";33771680;"CA193";"character(0)";"Sunshine";"Rabbit";"Bunny Rabbit";"no";"Adult";"F";"L"
"478";33771690;"CA193";"character(0)";"Luke skywalker";"Rabbit";"Bunny Rabbit";"no";"Baby";"M";"S"
"479";33771836;"CA193";"character(0)";"White chocolate";"Rabbit";"Lionhead";"no";"Young";"F";"S"
"480";33771855;"CA193";"character(0)";"Saffron";"Rabbit";"Hotot";"no";"Young";"F";"M"
"481";33771860;"CA193";"character(0)";"Mr Luis";"Rabbit";"Bunny Rabbit";"no";"Adult";"M";"M"
"482";33771867;"CA193";"character(0)";"Sugar Plum";"Rabbit";"Bunny Rabbit";"no";"Baby";"F";"S"
"483";33771871;"CA193";"character(0)";"Inde";"Rabbit";"Hotot";"no";"Adult";"M";"M"
"484";33771880;"CA193";"character(0)";"Danta";"Rabbit";"Bunny Rabbit";"no";"Young";"M";"S"
"485";33771893;"CA193";"character(0)";"Sushi";"Rabbit";"Bunny Rabbit";"no";"Young";"M";"M"
"486";14045227;"CA1365";"character(0)";"Cookie";"Dog";"Chihuahua";"yes";"Adult";"M";"S"
"487";22733427;"CA1365";"character(0)";"Jimmy";"Dog";"Maltese";"no";"Adult";"M";"S"
"488";25653268;"CA1365";"character(0)";"Sandy";"Dog";"Pekingese";"no";"Adult";"F";"S"
"489";32423812;"CA716";"character(0)";"Annabelle";"Dog";"American Eskimo DogPekingese";"yes";"Adult";"F";"S"
"490";20918180;"CA1910";"002";"Ben";"Cat";"American Shorthair";"no";"Young";"M";"S"
"491";20918377;"CA1910";"003";"Aster";"Cat";"American Shorthair";"no";"Young";"M";"M"
"492";31045197;"CA1910";"04";"Dreamer";"Cat";"American Shorthair";"no";"Baby";"M";"M"
"493";32287852;"CA1910";"character(0)";"Cleopatra";"Cat";"American Shorthair";"no";"Young";"F";"S"
"494";32288562;"CA1910";"character(0)";"Crystal";"Cat";"American Shorthair";"no";"Young";"F";"M"
"495";32539695;"CA1612";"15-04552";"Snuggles";"Rabbit";"American";"no";"Young";"F";"S"
"496";33017016;"CA1612";"15-01187";"Rainbow";"Dog";"Pit Bull Terrier";"yes";"Young";"F";"L"
"497";33215606;"CA1612";"15-05013";"Mecca";"Cat";"Domestic Short Hair";"no";"Adult";"M";"S"
"498";33215613;"CA1612";"15-05804";"Dentyne";"Cat";"Domestic Medium Hair";"no";"Baby";"F";"S"
"499";33323423;"CA1612";"16-00217";"Niagra";"Cat";"Domestic Short Hair";"no";"Young";"F";"S"
"500";33375489;"CA1612";"16-00346";"Squash";"Cat";"Domestic Short Hair";"no";"Baby";"F";"S"
"501";33428930;"CA1612";"15-05823";"Slow Mo";"Cat";"Domestic Short Hair";"no";"Adult";"F";"S"
"502";33428933;"CA1612";"15-05829";"Sasha";"Cat";"Domestic Short Hair";"no";"Baby";"F";"S"
"503";33497429;"CA1612";"15-05316";"Slinky";"Cat";"Domestic Short Hair";"no";"Young";"F";"S"
"504";33497430;"CA1612";"15-05591";"MacKenzie";"Dog";"Pit Bull Terrier";"yes";"Adult";"F";"L"
"505";33497431;"CA1612";"15-05628";"Snow White";"Cat";"Domestic Short Hair";"no";"Young";"F";"S"
"506";33497435;"CA1612";"16-00436";"Amber";"Dog";"Dachshund";"yes";"Adult";"F";"S"
"507";33497436;"CA1612";"16-00524";"Hopscotch";"Rabbit";"American";"no";"Adult";"F";"S"
"508";33497437;"CA1612";"16-00529";"Cadbury";"Rabbit";"American";"no";"Young";"F";"S"
"509";33533333;"CA1612";"16-00678";"Tiger";"Cat";"Domestic Short Hair";"no";"Adult";"M";"S"
"510";33533335;"CA1612";"16-00694";"Cookie";"Cat";"Domestic Short Hair";"no";"Baby";"F";"S"
"511";33550120;"CA1612";"16-00760";"Waffles";"Dog";"Chihuahua";"yes";"Adult";"M";"S"
"512";33557245;"CA1612";"15-05376";"Zeke";"Cat";"Domestic Short Hair";"no";"Adult";"M";"S"
"513";33613326;"CA1612";"15-05809";"Aquafina";"Cat";"Domestic Long Hair";"no";"Baby";"M";"S"
"514";33700819;"CA1612";"15-05940";"Bridget";"Dog";"Terrier";"yes";"Young";"F";"M"
"515";33700832;"CA1612";"16-00970";"Porche";"Cat";"Domestic Short Hair";"no";"Young";"F";"S"
"516";33700834;"CA1612";"16-00977";"Athena";"Dog";"Pit Bull Terrier";"yes";"Young";"F";"L"
"517";33728086;"CA1612";"16-00736";"Twinkle";"Rabbit";"American";"no";"Young";"M";"S"
"518";33735996;"CA1612";"16-00425";"Buddy";"Dog";"Terrier";"yes";"Young";"M";"M"
"519";33847290;"CA1612";"16-00572";"Leonardo";"Cat";"Domestic Short Hair";"no";"Baby";"M";"S"
"520";33847293;"CA1612";"16-00699";"Xena";"Dog";"Pit Bull Terrier";"yes";"Adult";"F";"L"
"521";33847294;"CA1612";"16-01099";"Rupert";"Dog";"Dachshund";"yes";"Young";"M";"S"
"522";33847302;"CA1612";"16-01239";"Henry";"Dog";"Poodle";"yes";"Adult";"M";"S"
"523";33902440;"CA1612";"15-05459";"Cranberry";"Cat";"Domestic Short Hair";"no";"Baby";"F";"S"
"524";33902441;"CA1612";"15-05460";"Raspberry";"Cat";"Domestic Short Hair";"no";"Baby";"F";"S"
"525";33902442;"CA1612";"16-00216";"Cookies n Cream";"Cat";"Domestic Short Hair";"no";"Adult";"F";"S"
"526";33902443;"CA1612";"16-00677";"Carnival";"Cat";"Domestic Short Hair";"no";"Adult";"M";"S"
"527";33902444;"CA1612";"16-00769";"Chipper";"Cat";"Domestic Short Hair";"no";"Baby";"M";"S"
"528";33902445;"CA1612";"16-00882";"Guido";"Cat";"Domestic Short Hair";"no";"Baby";"M";"S"
"529";33902446;"CA1612";"16-01026";"Tupac";"Cat";"Domestic Short Hair";"no";"Baby";"M";"S"
"530";33902447;"CA1612";"16-01028";"Aamayah";"Cat";"Domestic Short Hair";"no";"Baby";"F";"S"
"531";33902449;"CA1612";"16-01238";"Buffalo";"Cat";"Domestic Short Hair";"no";"Young";"M";"S"
"532";33902450;"CA1612";"16-01253";"Sweetie";"Cat";"Domestic Short Hair";"no";"Young";"F";"M"
"533";33902451;"CA1612";"16-01254";"Trinket";"Cat";"Domestic Short Hair";"no";"Adult";"F";"M"
"534";33902452;"CA1612";"16-01272";"Laya";"Dog";"Poodle";"yes";"Adult";"F";"S"
"535";33902453;"CA1612";"16-01330";"Milky Way";"Dog";"Chihuahua";"yes";"Adult";"F";"S"
"536";33902454;"CA1612";"16-01343";"Madeline";"Cat";"Domestic Short Hair";"no";"Baby";"F";"S"
"537";33902458;"CA1612";"16-01390";"Plumpy";"Cat";"Domestic Short Hair";"no";"Adult";"F";"S"
"538";33902460;"CA1612";"16-01432";"Maple";"Dog";"Pit Bull Terrier";"yes";"Young";"F";"L"
"539";33953431;"CA1612";"15-05887";"Mamas";"Dog";"Chihuahua";"yes";"Adult";"F";"M"
"540";33953432;"CA1612";"16-00767";"Colin";"Cat";"Domestic Short Hair";"no";"Baby";"M";"S"
"541";33953433;"CA1612";"16-00968";"Pineapple";"Dog";"Terrier";"yes";"Baby";"F";"S"
"542";33953434;"CA1612";"16-01155";"Dillon";"Dog";"Terrier";"yes";"Adult";"M";"M"
"543";33953435;"CA1612";"16-01236";"Penelope";"Cat";"Domestic Short Hair";"no";"Baby";"F";"S"
"544";33953436;"CA1612";"16-01358";"Sara";"Dog";"Rottweiler";"yes";"Adult";"F";"M"
"545";33953437;"CA1612";"16-01433";"Butternut";"Dog";"Pit Bull Terrier";"yes";"Baby";"F";"L"
"546";33953439;"CA1612";"16-01522";"Newton";"Dog";"Terrier";"yes";"Baby";"M";"M"
"547";33959825;"CA1612";"16-00336";"Jack";"Dog";"Terrier";"yes";"Adult";"M";"S"
"548";33959826;"CA1612";"16-01542";"Norbert";"Dog";"Terrier";"yes";"Baby";"M";"S"
"549";33794928;"CA1303";"character(0)";"Dawna-Joy";"Dog";"ChihuahuaRat Terrier";"yes";"Baby";"F";"S"
"550";33854268;"CA1303";"character(0)";"Tesla - VIEW MY VIDEO!";"Dog";"Shih TzuBoston Terrier";"yes";"Young";"F";"S"
"551";33278676;"CA914";"201512 Courtesy Posting";"Wyatt";"Cat";"TabbyDomestic Short Hair";"yes";"Young";"M";"M"
"552";32123179;"CA434";"character(0)";"Pickles Cherie";"Dog";"PomeranianSpaniel";"yes";"Adult";"F";"S"
"553";33093801;"CA434";"character(0)";"Yoko";"Dog";"Australian Cattle Dog (Blue Heeler)Border Collie";"yes";"Young";"F";"M"
"554";33094149;"CA434";"character(0)";"Dizzy";"Dog";"ChihuahuaDachshund";"yes";"Adult";"F";"S"
"555";33340214;"CA434";"character(0)";"Hachi";"Dog";"PoodleShih Tzu";"yes";"Young";"M";"S"
"556";33675637;"CA434";"character(0)";"Munch";"Dog";"Brussels GriffonAffenpinscher";"yes";"Young";"M";"S"
"557";33737350;"CA434";"character(0)";"Lipton";"Dog";"Poodle";"no";"Young";"M";"S"
"558";32179812;"CA2329";"character(0)";"Buster";"Dog";"Boston Terrier";"yes";"Young";"M";"S"
"559";32957745;"CA2329";"character(0)";"Hudson";"Dog";"American Staffordshire TerrierPit Bull Terrier";"yes";"Young";"M";"L"
"560";32982340;"CA2329";"character(0)";"Bert";"Dog";"Belgian Shepherd Malinois";"yes";"Adult";"M";"L"
"561";32993403;"CA2329";"character(0)";"Ace";"Dog";"Labrador Retriever";"yes";"Adult";"M";"M"
"562";33856839;"CA2329";"character(0)";"Charles Barkley";"Dog";"Terrier";"no";"Young";"M";"S"
"563";33856859;"CA2329";"character(0)";"Luann";"Dog";"PoodleTerrier";"yes";"Young";"F";"M"
"564";33856945;"CA2329";"character(0)";"Fawn";"Dog";"Labrador RetrieverCattle Dog";"yes";"Young";"M";"M"
"565";33873508;"CA2329";"character(0)";"Vie";"Dog";"American Staffordshire Terrier";"no";"Adult";"F";"M"
"566";33914367;"CA2329";"character(0)";"Paige";"Dog";"Terrier";"yes";"Young";"F";"S"
"567";33914569;"CA2329";"character(0)";"Roswell";"Dog";"Pit Bull TerrierAmerican Staffordshire Terrier";"yes";"Baby";"M";"L"
"568";33965135;"CA2329";"character(0)";"Roosevelt";"Dog";"American Staffordshire TerrierBull Terrier";"yes";"Adult";"M";"L"
"569";29971885;"CA2031";"character(0)";"Sid and Ramone";"Cat";"Domestic Short Hair-black";"no";"Young";"M";"M"
"570";33974218;"CA2031";"character(0)";"Sylvester- sweet & zany";"Cat";"Domestic Short Hair-black and white";"yes";"Adult";"M";"S"
"571";33974310;"CA2031";"character(0)";"Bungee & his sister Joey- puppy dog kitties!";"Cat";"Tabby - white";"yes";"Young";"F";"S"
"572";33974559;"CA2031";"character(0)";"Red & Tortie- snuggle siblings";"Cat";"TortoiseshellTabby - Orange";"yes";"Young";"F";"S"
"573";31483336;"WA526";"character(0)";"Bert";"Dog";"Belgian Shepherd Malinois";"no";"Young";"M";"L"
"574";33737307;"CA434";"character(0)";"Sheila";"Dog";"Labrador Retriever";"yes";"Senior";"F";"M"
"575";33739774;"CA434";"character(0)";"Nora";"Dog";"Pit Bull TerrierPointer";"yes";"Young";"F";"L"
"576";31652701;"CA1714";"character(0)";"LOGAN";"Dog";"Pit Bull Terrier";"no";"Young";"M";"M"
"577";31788407;"CA1714";"character(0)";"GIDEON (Courtesy Post)";"Dog";"Pit Bull Terrier";"no";"Young";"M";"M"
"578";32026348;"CA1714";"character(0)";"HUCKLEBERRY (Courtesy Post)";"Dog";"Pit Bull Terrier";"no";"Adult";"M";"M"
"579";32046543;"CA1714";"character(0)";"LUCY (Courtesy Post)";"Dog";"Pit Bull Terrier";"no";"Adult";"F";"M"
"580";32265174;"CA1714";"character(0)";"SAINT (Courtesy Post)";"Dog";"Pit Bull Terrier";"no";"Adult";"M";"L"
"581";32341464;"CA1714";"character(0)";"MARLEY (Courtesy Post)";"Dog";"Mastiff";"yes";"Adult";"M";"L"
"582";32341474;"CA1714";"character(0)";"MILO (Courtesy Post)";"Dog";"Pit Bull Terrier";"no";"Young";"M";"M"
"583";32390180;"CA1714";"character(0)";"SERENA (Courtesy Post)";"Dog";"Pit Bull Terrier";"no";"Young";"F";"M"
"584";32469036;"CA1714";"character(0)";"JESSIE (Courtesy Post)";"Dog";"Pit Bull Terrier";"no";"Adult";"F";"M"
"585";32469046;"CA1714";"character(0)";"RANGER (Courtesy Post)";"Dog";"Pit Bull Terrier";"no";"Adult";"M";"M"
"586";32513141;"CA1714";"character(0)";"MAE";"Dog";"Pit Bull Terrier";"no";"Young";"F";"M"
"587";32538810;"CA1714";"character(0)";"RUCKUS (Courtesy Post)";"Dog";"Pit Bull Terrier";"no";"Young";"M";"L"
"588";32605913;"CA1714";"character(0)";"FREDDIE (Courtesy Post)";"Dog";"Pit Bull TerrierGerman Shepherd Dog";"yes";"Young";"M";"M"
"589";32803580;"CA1714";"character(0)";"LILY (Courtesy Post)";"Dog";"Pit Bull Terrier";"yes";"Young";"F";"M"
"590";32803650;"CA1714";"character(0)";"TITAN (Courtesy Post)";"Dog";"Pit Bull Terrier";"no";"Adult";"M";"L"
"591";32803698;"CA1714";"character(0)";"FREYJA (Courtesy Post)";"Dog";"Pit Bull Terrier";"no";"Adult";"F";"M"
"592";32931640;"CA1714";"character(0)";"HONEY (Courtesy Post)";"Dog";"Pit Bull Terrier";"no";"Adult";"F";"M"
"593";32931648;"CA1714";"character(0)";"APOLLO (Courtesy Post)";"Dog";"Pit Bull Terrier";"yes";"Adult";"M";"L"
"594";33032160;"CA1714";"character(0)";"Tulip";"Dog";"Pit Bull Terrier";"no";"Senior";"F";"M"
"595";33063799;"CA1714";"character(0)";"MAMA (Courtesy Post)";"Dog";"Pit Bull Terrier";"no";"Young";"F";"M"
"596";33063975;"CA1714";"character(0)";"GUNTHER (Courtesy Post)";"Dog";"Pit Bull TerrierMastiff";"yes";"Adult";"M";"L"
"597";33064036;"CA1714";"character(0)";"VANESSA (Courtesy Post)";"Dog";"Labrador RetrieverPit Bull Terrier";"yes";"Adult";"F";"M"
"598";33136720;"CA1714";"character(0)";"SUGAR (Courtesy Post)";"Dog";"Pit Bull Terrier";"no";"Young";"F";"M"
"599";33136734;"CA1714";"character(0)";"GEORGE (Courtesy Post)";"Dog";"Pit Bull TerrierGerman Shepherd Dog";"yes";"Adult";"M";"M"
"600";33187137;"CA1714";"character(0)";"HERCULES (Courtesy Post)";"Dog";"American Bulldog";"yes";"Adult";"M";"L"
"601";33187199;"CA1714";"character(0)";"ZEUS (Courtesy Post)";"Dog";"Pit Bull TerrierDalmatian";"yes";"Young";"M";"M"
"602";33377219;"CA1714";"character(0)";"Thor (courtesy post)";"Dog";"Pit Bull Terrier";"no";"Young";"M";"M"
"603";33473834;"CA1714";"character(0)";"Bella (Courtesy Post)";"Dog";"Pit Bull Terrier";"no";"Adult";"F";"M"
"604";33473931;"CA1714";"character(0)";"ROCCO (Courtesy Post)";"Dog";"Pit Bull Terrier";"no";"Adult";"M";"M"
"605";33473953;"CA1714";"character(0)";"LUNA (Courtesy Post)";"Dog";"Shar PeiPit Bull Terrier";"yes";"Adult";"F";"M"
"606";33474004;"CA1714";"character(0)";"DAISY (Courtesy Post)";"Dog";"Pit Bull Terrier";"no";"Adult";"F";"M"
"607";33474069;"CA1714";"character(0)";"DUDLEY (Courtesy Post)";"Dog";"Pit Bull Terrier";"no";"Adult";"M";"M"
"608";33599440;"CA1714";"character(0)";"LUNA (Courtesy Post)";"Dog";"Pit Bull Terrier";"no";"Young";"F";"M"
"609";33709223;"CA1714";"character(0)";"CLARA (Courtesy Post)";"Dog";"Pit Bull Terrier";"no";"Young";"F";"M"
"610";33709263;"CA1714";"character(0)";"KENNY (Courtesy Post)";"Dog";"Pit Bull Terrier";"no";"Adult";"M";"M"
"611";33709321;"CA1714";"character(0)";"LEELOO (Courtesy Post)";"Dog";"Pit Bull Terrier";"no";"Young";"F";"M"
"612";33709335;"CA1714";"character(0)";"TANK (Courtesy Post)";"Dog";"Pit Bull Terrier";"no";"Adult";"M";"M"
"613";33709373;"CA1714";"character(0)";"VIOLET (Courtesy Post)";"Dog";"Pit Bull Terrier";"no";"Adult";"F";"M"
"614";33747165;"CA1714";"character(0)";"Acorn";"Dog";"Pit Bull Terrier";"no";"Baby";"M";"L"
"615";33838850;"CA1714";"character(0)";"Maple";"Dog";"Pit Bull Terrier";"no";"Young";"F";"L"
"616";33838890;"CA1714";"character(0)";"Gia";"Dog";"Pit Bull Terrier";"no";"Young";"M";"L"
"617";33937503;"CA1714";"character(0)";"Loretta";"Dog";"Pit Bull Terrier";"no";"Young";"F";"L"
"618";33983066;"CA1714";"character(0)";"DANA (Courtesy Post)";"Dog";"Pit Bull Terrier";"no";"Adult";"F";"L"
"619";33983173;"CA1714";"character(0)";"MARLEY (Courtesy Post)";"Dog";"Pit Bull Terrier";"no";"Adult";"M";"XL"
"620";33983205;"CA1714";"character(0)";"MAYA (Courtesy Post)";"Dog";"Pit Bull Terrier";"no";"Young";"F";"L"
"621";33983250;"CA1714";"character(0)";"SASHA (Courtesy Post)";"Dog";"Pit Bull Terrier";"no";"Senior";"F";"L"
"622";33983365;"CA1714";"character(0)";"STELLA (Courtesy Post)";"Dog";"Pit Bull Terrier";"no";"Adult";"F";"L"
"623";24095991;"CA1714";"character(0)";"NEMO";"Dog";"Pit Bull Terrier";"no";"Young";"M";"L"
"624";26888583;"CA1714";"character(0)";"DARWIN (Courtesy Post)";"Dog";"Pit Bull Terrier";"no";"Adult";"M";"L"
"625";28224774;"CA1714";"character(0)";"MYNKA (Courtesy Post)";"Dog";"Pit Bull Terrier";"no";"Adult";"F";"L"
"626";30007464;"CA1714";"character(0)";"PEITA (CourtesyPost)";"Dog";"Pit Bull Terrier";"no";"Senior";"F";"M"
"627";30007828;"CA1714";"character(0)";"BUDDY (Courtesy Post)";"Dog";"Pit Bull Terrier";"no";"Adult";"M";"L"
"628";30007892;"CA1714";"character(0)";"TANK (Courtesy Post)";"Dog";"Pit Bull Terrier";"no";"Young";"M";"L"
"629";30008032;"CA1714";"character(0)";"CINNAMON (Courtesy Post)";"Dog";"Pit Bull TerrierMastiff";"yes";"Adult";"F";"M"
"630";31190732;"CA1714";"character(0)";"PATCHES (Courtesy Post)";"Dog";"Great PyreneesPit Bull Terrier";"yes";"Young";"M";"M"
"631";31190758;"CA1714";"character(0)";"BUDDY (Courtesy Post)";"Dog";"Pit Bull Terrier";"no";"Young";"M";"M"
"632";32518800;"CA741";"character(0)";"Kelly";"Dog";"Samoyed";"no";"Young";"F";"M"
"633";33395927;"CA741";"character(0)";"Klondike";"Dog";"Samoyed";"no";"Young";"M";"M"
"634";33892033;"CA741";"character(0)";"SIren (aka Misty)";"Dog";"Samoyed";"no";"Young";"F";"M"
"635";31636311;"NV160";"character(0)";"Artie";"Dog";"Alaskan MalamuteGerman Shepherd Dog";"yes";"Young";"M";"M"
"636";33287659;"CA2382";"character(0)";"George";"Cat";"Domestic Short Hair-black";"no";"Young";"M";"L"
"637";33288356;"CA2382";"character(0)";"Luna";"Cat";"Domestic Short Hair-black";"no";"Senior";"F";"M"
"638";31993714;"CA1280";"character(0)";"Macy";"Dog";"Pit Bull Terrier";"yes";"Young";"F";"L"
"639";26549843;"CA166";"A0913971";"CHUCO";"Dog";"American Staffordshire TerrierPit Bull Terrier";"yes";"Adult";"M";"L"
"640";33919013;"CA763";"A1599768";"BONDYANG";"Dog";"Pit Bull TerrierLabrador Retriever";"yes";"Young";"F";"L"
"641";33918191;"CA763";"A1596362";"FOREST";"Cat";"Domestic Short Hair";"no";"Adult";"M";"M"
"642";33547110;"CA763";"A1587428";"KING";"Dog";"Pit Bull Terrier";"yes";"Adult";"M";"L"
"643";33547111;"CA763";"A1587563";"DIRK";"Dog";"Pit Bull Terrier";"yes";"Adult";"M";"L"
"644";33918588;"CA763";"A1599693";"DUKE";"Dog";"Tibetan Terrier";"no";"Adult";"M";"M"
"645";33811172;"CA763";"A1595470";"REX";"Dog";"Staffordshire Bull Terrier";"no";"Young";"M";"L"
"646";33011872;"CA763";"A1575428";"MARCO";"Dog";"Pit Bull Terrier";"no";"Adult";"M";"L"
"647";33933614;"CA763";"A1579022";"TOWIE";"Dog";"BoxerStaffordshire Bull Terrier";"yes";"Young";"M";"L"
"648";33934389;"CA763";"A1594959";"TYSON";"Dog";"Pit Bull Terrier";"no";"Adult";"M";"M"
"649";33147683;"CA763";"A1579336";"SLEVEN";"Dog";"Pit Bull Terrier";"no";"Adult";"M";"L"
"650";31502084;"CA763";"A1519857";"A1519857";"Rabbit";"Bunny Rabbit";"no";"Adult";"M";"M"
"651";33994176;"CA763";"A1600287";"CASH";"Dog";"American Staffordshire Terrier";"no";"Young";"M";"L"
"652";33994682;"CA763";"A1601255";"BLACKIE";"Dog";"Poodle";"no";"Adult";"M";"S"
"653";33994681;"CA763";"A1565137";"JAZZ";"Dog";"Staffordshire Bull Terrier";"no";"Adult";"M";"M"
"654";32923344;"CA763";"A1491163";"KILO";"Dog";"American Staffordshire Terrier";"no";"Young";"M";"L"
"655";33474440;"CA763";"A1581269";"CUDDLES";"Cat";"Domestic Short Hair";"no";"Adult";"F";"M"
"656";33475087;"CA763";"A1554841";"BRUTUS";"Dog";"Staffordshire Bull Terrier";"no";"Adult";"M";"M"
"657";33475086;"CA763";"A0883786";"PALOMO";"Dog";"Pit Bull Terrier";"no";"Adult";"M";"L"
"658";34003976;"CA763";"A1448772";"OLIVIA";"Dog";"Pit Bull Terrier";"yes";"Adult";"F";"L"
"659";33214995;"CA763";"A1582264";"BOBA";"Dog";"American Staffordshire Terrier";"no";"Adult";"F";"L"
"660";33957979;"CA763";"A1582262";"DODGER";"Dog";"American Staffordshire Terrier";"no";"Adult";"M";"L"
"661";33957980;"CA763";"A1594551";"ELLINGTON";"Dog";"Staffordshire Bull Terrier";"no";"Adult";"M";"L"
"662";33426190;"CA763";"A1586564";"MISTY";"Dog";"Chihuahua";"no";"Adult";"F";"S"
"663";33425106;"CA763";"A1348887";"GINGER";"Dog";"Pit Bull Terrier";"no";"Adult";"F";"S"
"664";33181270;"CA763";"A1368158";"RHINO";"Dog";"Pit Bull Terrier";"no";"Adult";"M";"M"
"665";33966324;"CA763";"A1592382";"GOLD";"Dog";"German Shepherd Dog";"no";"Young";"F";"S"
"666";33966325;"CA763";"A1599055";"CLEO";"Dog";"German Shepherd Dog";"no";"Adult";"F";"L"
"667";33691999;"CA763";"A1594693";"KARMA";"Cat";"Domestic Short Hair";"no";"Adult";"F";"L"
"668";33972125;"CA763";"A1572066";"LUCY";"Dog";"Collie";"yes";"Young";"F";"S"
"669";33697993;"CA763";"A1593142";"A1593142";"Rabbit";"Bunny Rabbit";"no";"Young";"F";"M"
"670";33436714;"CA763";"A1586896";"NUGGET";"Dog";"American Staffordshire Terrier";"no";"Adult";"M";"L"
"671";33978826;"CA763";"A1600969";"JUNIOR";"Dog";"Boxer";"yes";"Adult";"M";"L"
"672";30940880;"CA763";"A1519856";"LILLY";"Rabbit";"Bunny Rabbit";"no";"Adult";"F";"M"
"673";33951777;"CA763";"A1600281";"CHICO";"Dog";"Chihuahua";"no";"Adult";"M";"S"
"674";33951776;"CA763";"A1600280";"SCRAPPY";"Dog";"Chihuahua";"no";"Adult";"M";"S"
"675";33952214;"CA763";"A1597927";"PHILBERT";"Scales, Fins & Other";"TurtleTurtle";"no";"Adult";"F";"L"
"676";33954325;"CA763";"A1600357";"ANGEL";"Dog";"Pit Bull Terrier";"no";"Young";"M";"M"
"677";33954326;"CA763";"A1600358";"MITZY";"Dog";"Pit Bull Terrier";"no";"Young";"F";"M"
"678";33169075;"CA763";"A1581196";"CHEDDAR";"Dog";"English Bulldog";"yes";"Adult";"M";"L"
"679";33707908;"CA763";"A1593742";"DERBY";"Dog";"Chow ChowGerman Shepherd Dog";"yes";"Young";"M";"M"
"680";30965140;"CA763";"A1519851";"A1519851";"Rabbit";"Bunny Rabbit";"no";"Adult";"F";"M"
"681";33958835;"CA763";"A1599500";"PESO";"Dog";"Chihuahua";"yes";"Young";"M";"S"
"682";33958833;"CA763";"A1599473";"AGGIE";"Dog";"Chihuahua";"no";"Young";"M";"S"
"683";33716293;"CA763";"A1592611";"SHELLY";"Dog";"Staffordshire Bull Terrier";"no";"Adult";"F";"M"
"684";33716292;"CA763";"A1591829";"BUFFY";"Dog";"Staffordshire Bull TerrierBull Terrier";"yes";"Adult";"F";"L"
"685";33452397;"CA763";"A1555295";"BLACKY";"Dog";"Pit Bull TerrierRottweiler";"yes";"Adult";"M";"L"
"686";32679643;"CA763";"A1567542";"BEA";"Rabbit";"Bunny Rabbit";"no";"Young";"F";"M"
"687";33962920;"CA763";"A1600286";"COCO";"Dog";"American Staffordshire Terrier";"no";"Young";"F";"L"
"688";33963988;"CA763";"A1600485";"A1600485";"Cat";"Domestic Short Hair";"no";"Baby";"M";"S"
"689";33963987;"CA763";"A1600483";"A1600483";"Cat";"Domestic Short Hair";"no";"Baby";"F";"S"
"690";33718835;"CA763";"A1593972";"JON SNOW";"Dog";"German Shepherd Dog";"yes";"Adult";"F";"M"
"691";33726874;"CA763";"A1595558";"BROCK";"Dog";"Siberian Husky";"no";"Adult";"M";"L"
"692";33731889;"CA763";"A1516745";"NEGRA";"Dog";"Pit Bull Terrier";"no";"Adult";"F";"L"
"693";33731894;"CA763";"A1591263";"PETEY";"Dog";"American Staffordshire Terrier";"no";"Adult";"M";"L"
"694";34011412;"CA763";"A1500862";"CHEWBACCA";"Dog";"Mastiff";"no";"Senior";"M";"L"
"695";34010441;"CA763";"A1600572";"BRODIE";"Dog";"Labrador Retriever";"yes";"Adult";"M";"M"
"696";34010440;"CA763";"A1600258";"SAMMI";"Dog";"American Staffordshire Terrier";"no";"Young";"F";"M"
"697";34010865;"CA763";"A1484310";"MIMI";"Dog";"Tibetan SpanielDachshund";"yes";"Adult";"F";"S"
"698";32504929;"CA763";"A1175301";"POKEY";"Dog";"Pit Bull Terrier";"no";"Adult";"M";"M"
"699";33740525;"CA763";"A1464760";"HOMER";"Dog";"Pit Bull Terrier";"no";"Adult";"M";"L"
"700";32499850;"CA763";"A1562886";"ANNABELLE";"Dog";"Pit Bull Terrier";"yes";"Adult";"F";"M"
"701";33985938;"CA763";"A1592676";"GRENDEL";"Dog";"Staffordshire Bull Terrier";"yes";"Young";"F";"M"
"702";33990984;"CA763";"A1598382";"DUNCAN";"Dog";"Pit Bull Terrier";"no";"Adult";"M";"L"
"703";33990985;"CA763";"A1598585";"DANIELA";"Dog";"Staffordshire Bull Terrier";"no";"Young";"F";"M"
"704";33990986;"CA763";"A1599647";"SCOOBIE";"Dog";"American Staffordshire Terrier";"no";"Adult";"M";"L"
"705";33482634;"CA763";"A1585831";"MARLEY";"Dog";"American Staffordshire TerrierBoxer";"yes";"Young";"F";"L"
"706";33482633;"CA763";"A1574519";"MONET";"Dog";"Staffordshire Bull Terrier";"yes";"Young";"M";"L"
"707";33995716;"CA763";"A1562372";"BUSTER";"Dog";"American Staffordshire Terrier";"yes";"Adult";"M";"L"
"708";33996693;"CA763";"A1540529";"A1540529";"Dog";"Pit Bull Terrier";"no";"Adult";"F";"L"
"709";32138464;"CA763";"A1531709";"MR. BANKS";"Rabbit";"Bunny Rabbit";"no";"Adult";"M";"L"
"710";33646799;"CA763";"A1587315";"RILEY";"Dog";"Siberian Husky";"no";"Young";"M";"L"
"711";30912208;"CA763";"A1519831";"A1519831";"Rabbit";"Bunny Rabbit";"no";"Adult";"M";"M"
"712";31016811;"CA763";"A1519772";"A1519772";"Rabbit";"Bunny Rabbit";"no";"Adult";"M";"M"
"713";31016820;"CA763";"A1519870";"A1519870";"Rabbit";"English Lop";"no";"Adult";"M";"M"
"714";32968508;"CA763";"A1574561";"MIKEY";"Dog";"American Staffordshire TerrierLabrador Retriever";"yes";"Young";"M";"L"
"715";33529469;"CA763";"A1588924";"BRUNO";"Dog";"Pit Bull Terrier";"no";"Young";"M";"L"
"716";33791112;"CA763";"A1595226";"A1595226";"Cat";"Domestic Short Hair";"no";"Baby";"F";"S"
"717";33791111;"CA763";"A1594392";"A1594392";"Cat";"Domestic Short Hair";"no";"Young";"F";"L"
"718";33942189;"CA763";"A1600141";"BLACKIE";"Dog";"Labrador Retriever";"no";"Senior";"M";"L"
"719";33524467;"CA763";"A1584657";"TOM";"Rabbit";"Bunny Rabbit";"no";"Young";"M";"S"
"720";33797643;"CA763";"A1595691";"DONALD";"Dog";"American Staffordshire Terrier";"yes";"Adult";"M";"M"
"721";33660200;"CA763";"A1195868";"NICKIE";"Dog";"Staffordshire Bull Terrier";"no";"Adult";"F";"S"
"722";32162916;"CA763";"A1539827";"PETER";"Rabbit";"Bunny Rabbit";"no";"Young";"M";"M"
"723";33807951;"CA763";"A1519855";"SADIE";"Rabbit";"Bunny Rabbit";"no";"Adult";"F";"M"
"724";32704790;"CA763";"A1567871";"JORGE";"Dog";"Staffordshire Bull Terrier";"no";"Adult";"M";"L"
"725";33807055;"CA763";"A1595923";"SAPHIRE";"Dog";"Pit Bull Terrier";"no";"Adult";"F";"M"
"726";33801583;"CA763";"A1597278";"SOON DORY";"Dog";"Pit Bull Terrier";"no";"Adult";"F";"L"
"727";33802138;"CA763";"A1595915";"HEIDI";"Cat";"Domestic Medium Hair";"no";"Young";"F";"L"
"728";33924974;"CA763";"A1599831";"MARIANNE";"Dog";"Boxer";"yes";"Young";"F";"L"
"729";33136511;"CA763";"A1579222";"MONDO";"Dog";"Pit Bull Terrier";"no";"Adult";"M";"L"
"730";30863678;"CA763";"A1519848";"FERN";"Rabbit";"Bunny Rabbit";"no";"Adult";"F";"M"
"731";30863681;"CA763";"A1519866";"ABBY";"Rabbit";"Bunny Rabbit";"no";"Adult";"F";"M"
"732";30863682;"CA763";"A1519883";"HANNAH";"Rabbit";"Bunny Rabbit";"no";"Young";"F";"M"
"733";33555998;"CA763";"A1591247";"FLASH";"Dog";"Pit Bull Terrier";"no";"Adult";"M";"L"
"734";33299317;"CA763";"A1546045";"BOOMER";"Dog";"Pit Bull Terrier";"no";"Adult";"M";"L"
"735";33299318;"CA763";"A1555211";"TURBO";"Dog";"Pit Bull Terrier";"yes";"Adult";"M";"M"
"736";33837074;"CA763";"A1597005";"EVANDER";"Dog";"Pit Bull Terrier";"no";"Adult";"M";"L"
"737";30842493;"CA763";"A1519887";"ATHENA";"Rabbit";"Bunny Rabbit";"no";"Adult";"F";"M"
"738";33829032;"CA763";"A1588987";"NENA";"Dog";"Pit Bull Terrier";"no";"Adult";"F";"M"
"739";33829033;"CA763";"A1594237";"MIYA";"Dog";"Pit Bull Terrier";"no";"Adult";"F";"L"
"740";33583215;"CA763";"A1455155";"SPIKEY";"Dog";"Pit Bull Terrier";"no";"Adult";"M";"M"
"741";33584296;"CA763";"A1577863";"LUCY";"Dog";"Staffordshire Bull Terrier";"no";"Adult";"F";"L"
"742";33584297;"CA763";"A1588421";"OREJAS";"Dog";"German Shepherd DogLabrador Retriever";"yes";"Adult";"M";"L"
"743";30847760;"CA763";"A1519852";"A1519852";"Rabbit";"Bunny Rabbit";"no";"Adult";"F";"M"
"744";33816898;"CA763";"A1578797";"BELINDA";"Cat";"Domestic Short Hair";"no";"Young";"F";"M"
"745";33310503;"CA763";"A1584491";"TAI";"Dog";"Siberian Husky";"no";"Adult";"M";"L"
"746";33876451;"CA763";"A1591250";"LYLA";"Dog";"Pit Bull Terrier";"no";"Adult";"F";"M"
"747";33089626;"CA763";"A1577452";"JANET";"Dog";"American Staffordshire Terrier";"no";"Adult";"F";"L"
"748";33588271;"CA763";"A1591029";"SUZETTE";"Dog";"Pit Bull Terrier";"no";"Adult";"F";"M"
"749";32775942;"CA763";"A1557957";"ROCKY";"Dog";"Pit Bull Terrier";"no";"Adult";"M";"L"
"750";32357140;"CA763";"A1559533";"SEBASTIAN";"Dog";"Labrador RetrieverRottweiler";"yes";"Adult";"M";"L"
"751";33330647;"CA763";"A1583144";"HUNNY";"Rabbit";"Bunny Rabbit";"no";"Young";"F";"M"
"752";33612453;"CA763";"A1588519";"A1588519";"Scales, Fins & Other";"Turtle";"no";"Adult";"U";"S"
"753";33074247;"CA763";"A1577522";"DUDE";"Dog";"American Staffordshire Terrier";"no";"Adult";"M";"L"
"754";33860074;"CA763";"A1597637";"BONNET";"Dog";"Staffordshire Bull Terrier";"no";"Adult";"F";"L"
"755";33353121;"CA763";"A1584621";"SODENA";"Dog";"Pit Bull Terrier";"yes";"Adult";"F";"L"
"756";33606573;"CA763";"A1584974";"KISSES";"Dog";"Boxer";"yes";"Adult";"F";"L"
"757";33607169;"CA763";"A1591324";"BOSCO";"Dog";"Pit Bull Terrier";"no";"Young";"M";"L"
"758";33607160;"CA763";"A1589425";"BUSTER";"Dog";"Pit Bull Terrier";"yes";"Adult";"M";"L"
"759";33607161;"CA763";"A1591086";"COOKIE";"Dog";"American Staffordshire Terrier";"no";"Young";"F";"M"
"760";33346371;"CA763";"A1577399";"HOOPER";"Dog";"American Staffordshire Terrier";"no";"Young";"M";"L"
"761";33346369;"CA763";"A1572788";"KIMBERLY";"Dog";"Pit Bull Terrier";"no";"Adult";"F";"M"
"762";33346372;"CA763";"A1581622";"JAMIE";"Dog";"Pit Bull Terrier";"yes";"Young";"F";"M"
"763";32632461;"CA763";"A1565706";"TOM";"Rabbit";"Bunny Rabbit";"no";"Young";"F";"L"
"764";33372482;"CA763";"A1582023";"MILES";"Dog";"Staffordshire Bull Terrier";"no";"Young";"M";"L"
"765";33634485;"CA763";"A1593132";"DUKE";"Dog";"Pit Bull Terrier";"yes";"Adult";"M";"M"
"766";30920960;"CA763";"A1519784";"HAILEY";"Rabbit";"Bunny Rabbit";"no";"Adult";"F";"M"
"767";33903561;"CA763";"A1598010";"SHEILA";"Cat";"Domestic Short Hair";"no";"Adult";"F";"L"
"768";30926666;"CA763";"A1519864";"A1519864";"Rabbit";"Bunny Rabbit";"no";"Adult";"M";"M"
"769";33900883;"CA763";"A1597990";"A1597990";"Cat";"Domestic Short Hair";"no";"Adult";"F";"L"
"770";33115855;"CA763";"A1564387";"DIAMOND";"Dog";"Staffordshire Bull Terrier";"no";"Adult";"F";"L"
"771";33115854;"CA763";"A1534521";"QUEENIE";"Dog";"Pit Bull Terrier";"no";"Adult";"F";"L"
"772";33621627;"CA763";"A1590904";"SCARLETT";"Dog";"American Staffordshire Terrier";"no";"Young";"F";"M"
"773";33388099;"CA763";"A1584652";"GRODO";"Rabbit";"English Lop";"no";"Young";"M";"S"
"774";33646798;"CA763";"A1586696";"BEAMER";"Dog";"Pit Bull Terrier";"no";"Young";"M";"L"
"775";31000678;"CA436";"979";"Carley";"Cat";"Tortoiseshell";"yes";"Adult";"F";"M"
"776";31000679;"CA436";"978";"Torey";"Cat";"Tortoiseshell";"yes";"Baby";"F";"M"
"777";31287635;"CA436";"1082";"Glinee";"Cat";"Tabby";"yes";"Adult";"F";"M"
"778";31287636;"CA436";"1073";"Bobbi";"Cat";"Tabby";"yes";"Baby";"F";"M"
"779";31287637;"CA436";"893";"Jerry";"Cat";"Domestic Short Hair-black and white";"yes";"Adult";"M";"M"
"780";33753479;"CA436";"1285";"Homer";"Cat";"Tabby - Brown";"yes";"Adult";"M";"M"
"781";33753480;"CA436";"1281";"Morgan";"Cat";"Siamese";"yes";"Baby";"F";"M"
"782";33753481;"CA436";"1278";"Sparky";"Cat";"Calico";"yes";"Adult";"F";"M"
"783";33753482;"CA436";"1269";"Spanky";"Cat";"AbyssinianTabby";"yes";"Baby";"M";"M"
"784";33753484;"CA436";"1181";"Donald";"Cat";"Tabby - Grey";"yes";"Adult";"M";"M"
"785";33753485;"CA436";"1180";"Summer";"Cat";"Domestic Short Hair-black";"yes";"Baby";"F";"M"
"786";33753486;"CA436";"1179";"Jasper";"Cat";"Tabby - Orange";"yes";"Baby";"M";"M"
"787";33753488;"CA436";"1149";"Tommy";"Cat";"Domestic Short Hair-black and white";"yes";"Baby";"M";"M"
"788";33753489;"CA436";"1330";"Ricky";"Cat";"Domestic Short Hair - gray and white";"yes";"Baby";"M";"M"
"789";33753490;"CA436";"1328";"Nori";"Cat";"Tabby - Grey";"yes";"Baby";"M";"M"
"790";33753495;"CA436";"1233";"Nefertiti";"Cat";"Maine CoonTortoiseshell";"yes";"Adult";"F";"M"
"791";33753498;"CA436";"1327";"Ash";"Cat";"Tabby - Grey";"yes";"Adult";"M";"M"
"792";33753499;"CA436";"1315";"Rhea";"Cat";"Tortoiseshell";"yes";"Baby";"F";"M"
"793";33753500;"CA436";"1294";"Kelly";"Cat";"Tabby";"yes";"Baby";"F";"M"
"794";33753501;"CA436";"1324";"Blu";"Cat";"Tabby - Brown";"yes";"Baby";"M";"M"
"795";33947838;"CA436";"1334";"Sky";"Cat";"Calico";"yes";"Baby";"F";"M"
"796";33947840;"CA436";"1336";"Delilah";"Cat";"Domestic Short Hair-black";"yes";"Baby";"F";"M"
"797";33964596;"CA436";"1339";"Sally";"Cat";"Siamese";"yes";"Baby";"F";"M"
"798";33964597;"CA436";"1342";"Cody";"Cat";"Tabby";"yes";"Baby";"M";"M"
"799";33964598;"CA436";"1338";"Tasha";"Cat";"Tabby - Grey";"yes";"Baby";"F";"M"
"800";33964599;"CA436";"1343";"Miller";"Cat";"Tabby - Grey";"yes";"Baby";"M";"M"
"801";33964600;"CA436";"1341";"Felix";"Cat";"Siamese";"yes";"Baby";"M";"M"
"802";33964601;"CA436";"1340";"Sammy";"Cat";"Domestic Short Hair-black";"yes";"Baby";"M";"M"
"803";31522236;"CA2224";"character(0)";"Savana";"Dog";"American Staffordshire Terrier";"yes";"Adult";"F";"L"
"804";32093564;"CA2224";"character(0)";"Tyrion Lannister";"Dog";"American Staffordshire Terrier";"no";"Adult";"M";"L"
"805";32221679;"CA2224";"character(0)";"Captain";"Dog";"American Staffordshire Terrier";"no";"Senior";"M";"L"
"806";32463428;"CA2224";"character(0)";"Petey";"Dog";"American Staffordshire TerrierBoxer";"yes";"Young";"M";"L"
"807";32591070;"CA2224";"character(0)";"Gigi";"Dog";"American BulldogAmerican Staffordshire Terrier";"yes";"Adult";"F";"L"
"808";32677719;"CA2224";"character(0)";"Chance";"Dog";"American Staffordshire Terrier";"no";"Adult";"M";"L"
"809";32799053;"CA2224";"character(0)";"Shadow";"Dog";"Shar PeiAmerican Staffordshire Terrier";"yes";"Young";"M";"M"
"810";33126733;"CA2224";"character(0)";"Sienna";"Dog";"American Staffordshire Terrier";"no";"Young";"F";"M"
"811";33609591;"CA2224";"character(0)";"Eleanor Rigby";"Dog";"American Bulldog";"no";"Adult";"F";"L"
"812";33702734;"CA2224";"character(0)";"Sean";"Dog";"American Staffordshire Terrier";"no";"Young";"M";"L"
"813";33787935;"CA2224";"character(0)";"Minnie";"Dog";"American Staffordshire Terrier";"no";"Young";"F";"M"
"814";33802840;"CA2224";"character(0)";"Darla";"Dog";"German Shepherd Dog";"yes";"Adult";"F";"M"
"815";33926914;"CA2224";"character(0)";"Kahlua";"Dog";"DachshundAmerican Staffordshire Terrier";"yes";"Young";"F";"M"
"816";33534695;"CA2210";"character(0)";"Homer";"Dog";"Cocker Spaniel";"no";"Adult";"M";"M"
"817";28712804;"CA2224";"character(0)";"Sunshine";"Dog";"American Staffordshire Terrier";"no";"Adult";"F";"L"
"818";28712824;"CA2224";"character(0)";"Tatum";"Dog";"American Staffordshire Terrier";"no";"Young";"M";"L"
"819";29703498;"CA2224";"character(0)";"Estelle";"Dog";"American Staffordshire Terrier";"no";"Adult";"F";"L"
"820";30141958;"CA2224";"character(0)";"Panda";"Dog";"American Staffordshire Terrier";"no";"Adult";"M";"L"
"821";30142162;"CA2224";"character(0)";"Auggie";"Dog";"American Staffordshire Terrier";"no";"Young";"M";"L"
"822";30416826;"CA2224";"character(0)";"Bane";"Dog";"American Staffordshire Terrier";"no";"Adult";"M";"L"
"823";30416895;"CA2224";"character(0)";"Ivy";"Dog";"American Staffordshire Terrier";"no";"Adult";"F";"L"
"824";31180477;"CA1850";"character(0)";"Bentley";"Dog";"English BulldogPit Bull Terrier";"yes";"Adult";"M";"L"
"825";31180506;"CA1850";"character(0)";"Maizey";"Dog";"Pit Bull Terrier";"yes";"Adult";"F";"M"
"826";32916286;"CA1850";"character(0)";"Charlotte";"Dog";"Labrador RetrieverPit Bull Terrier";"yes";"Baby";"F";"M"
"827";32916319;"CA1850";"character(0)";"Maybelle";"Dog";"Labrador RetrieverPit Bull Terrier";"yes";"Baby";"F";"M"
"828";33281266;"CA1850";"character(0)";"Judd";"Dog";"Pit Bull Terrier";"yes";"Young";"M";"M"
"829";33301813;"CA1850";"character(0)";"Annie";"Dog";"Pit Bull TerrierLabrador Retriever";"yes";"Adult";"F";"M"
"830";33301997;"CA1850";"character(0)";"Sadie";"Dog";"Pit Bull TerrierLabrador Retriever";"yes";"Young";"F";"L"
"831";33570172;"CA1850";"character(0)";"Bao";"Dog";"Shar PeiPit Bull Terrier";"yes";"Young";"M";"L"
"832";33668808;"CA1850";"character(0)";"Fiona";"Dog";"American Staffordshire TerrierPit Bull Terrier";"yes";"Baby";"F";"L"
"833";33668818;"CA1850";"character(0)";"Greye";"Dog";"American Staffordshire TerrierPit Bull Terrier";"yes";"Baby";"F";"M"
"834";33930935;"CA1850";"character(0)";"Biggie";"Dog";"American BulldogAmerican Staffordshire Terrier";"yes";"Adult";"M";"L"
"835";34008773;"CA1850";"character(0)";"Bowie";"Dog";"Pit Bull Terrier";"yes";"Baby";"M";"M"
"836";34008841;"CA1850";"character(0)";"Clover";"Dog";"Pit Bull Terrier";"yes";"Baby";"F";"M"
"837";34008942;"CA1850";"character(0)";"Cole";"Dog";"Pit Bull Terrier";"yes";"Baby";"M";"M"
"838";27986214;"CA2162";"character(0)";"Ivy";"Cat";"Russian Blue";"no";"Adult";"F";"M"
"839";27986402;"CA2162";"character(0)";"Chase";"Cat";"Domestic Short Hair-black";"no";"Baby";"M";"L"
"840";29130823;"CA2162";"character(0)";"Bell";"Cat";"Domestic Short Hair-black";"no";"Young";"F";"L"
"841";30638545;"CA2162";"character(0)";"Oscar";"Dog";"Jack Russell Terrier";"yes";"Baby";"M";"S"
"842";30808699;"CA2162";"character(0)";"Boo";"Dog";"Labrador Retriever";"no";"Adult";"M";"L"
"843";32454574;"CA2162";"character(0)";"Montana";"Dog";"ShepherdDoberman Pinscher";"yes";"Young";"M";"L"
"844";32998471;"CA2162";"character(0)";"Mylo";"Dog";"Chihuahua";"no";"Adult";"M";"S"
"845";33201650;"CA2162";"character(0)";"Darla";"Dog";"Beagle";"yes";"Adult";"F";"M"
"846";33201835;"CA2162";"character(0)";"Willy";"Dog";"Terrier";"yes";"Baby";"M";"M"
"847";31711797;"CA1522";"character(0)";"Dave";"Dog";"German Shepherd Dog";"no";"Senior";"M";"M"
"848";31858254;"CA1522";"character(0)";"Electra";"Dog";"Labrador RetrieverPit Bull Terrier";"yes";"Young";"F";"M"
"849";32984911;"CA1522";"character(0)";"Hustler - Lowrider";"Dog";"ShepherdCorgi";"yes";"Young";"M";"M"
"850";33376769;"CA1522";"character(0)";"jonathan";"Dog";"Great DanePit Bull Terrier";"yes";"Baby";"M";"M"
"851";33510999;"CA1522";"character(0)";"Rascal";"Dog";"DachshundTerrier";"yes";"Baby";"M";"S"
"852";33714088;"CA1522";"character(0)";"Pinto - from Costa Rica";"Dog";"Spaniel";"no";"Young";"M";"S"
"853";33856985;"CA1522";"character(0)";"Tequila - 28 pounds";"Dog";"American Staffordshire TerrierDachshund";"yes";"Young";"F";"M"
"854";33949453;"CA1522";"character(0)";"Billy Bob";"Dog";"BoxerAmerican Staffordshire Terrier";"yes";"Young";"M";"M"
"855";33969348;"CA1522";"character(0)";"Willow";"Dog";"Weimaraner";"no";"Young";"F";"M"
"856";33969358;"CA1522";"character(0)";"Mac";"Dog";"Boxer";"no";"Young";"M";"M"
"857";33984080;"CA1522";"character(0)";"Hobbit - 10 pounds";"Dog";"Yorkshire Terrier YorkieTerrier";"yes";"Young";"M";"S"
"858";33984095;"CA1522";"character(0)";"Bolero";"Dog";"Scottish Terrier Scottie";"no";"Young";"M";"S"
"859";32842011;"CA1489";"character(0)";"Stewy";"Dog";"BoxerPit Bull Terrier";"yes";"Young";"M";"L"
"860";33095882;"CA1489";"character(0)";"Daisy";"Dog";"Great Dane";"no";"Adult";"F";"XL"
"861";33099444;"CA1489";"character(0)";"Chloe";"Dog";"Neapolitan Mastiff";"no";"Young";"F";"XL"
"862";33519502;"CA1489";"character(0)";"Betty aka ""Betty Boop""";"Dog";"American BulldogPit Bull Terrier";"yes";"Young";"F";"L"
"863";33520256;"CA1489";"character(0)";"Mac Daddy";"Dog";"American Bulldog";"yes";"Adult";"M";"L"
"864";33524919;"CA1489";"character(0)";"Harley aka ""Prince Charming""";"Dog";"Pit Bull Terrier";"no";"Adult";"M";"L"
"865";33525173;"CA1489";"character(0)";"Janey Jane";"Dog";"Pit Bull Terrier";"no";"Young";"F";"L"
"866";33560988;"CA1489";"character(0)";"Ryder";"Dog";"American Staffordshire Terrier";"yes";"Young";"M";"L"
"867";27522577;"CA1192";"Dr. Jones";"MONKEY BUTT!!!";"Cat";"SiameseDomestic Short Hair";"yes";"Adult";"F";"S"
"868";28071594;"CA1192";"A4646900";"MARVIN";"Cat";"Domestic Short Hair";"yes";"Baby";"M";"M"
"869";28078371;"CA1192";"center sinai";"VENICE";"Cat";"American ShorthairBritish Shorthair";"yes";"Adult";"F";"M"
"870";28194656;"CA1192";"character(0)";"Snow White";"Cat";"Domestic Short HairSiamese";"yes";"Young";"F";"M"
"871";28213004;"CA1192";"character(0)";"White Sun";"Cat";"American ShorthairSiamese";"yes";"Baby";"M";"M"
"872";28219205;"CA1192";"character(0)";"Tracey";"Cat";"Maine CoonTuxedo";"yes";"Baby";"M";"M"
"873";28822563;"CA1192";"character(0)";"Theodore";"Cat";"Siamese";"yes";"Baby";"M";"M"
"874";28822683;"CA1192";"character(0)";"Tabitha";"Cat";"Dilute Calico";"yes";"Baby";"M";"M"
"875";28833943;"CA1192";"character(0)";"MacGyver";"Cat";"Maine CoonTabby";"yes";"Young";"M";"L"
"876";28856415;"CA1192";"character(0)";"kittens kittens kittens!!!";"Cat";"Domestic Short Hair";"no";"Baby";"M";"M"
"877";29525676;"CA1192";"Calliopes baby";"Spud";"Cat";"SiameseAmerican Shorthair";"yes";"Baby";"F";"M"
"878";30257641;"CA1192";"character(0)";"litter of 3 - calico orange and orange/white";"Cat";"Tabby";"no";"Baby";"M";"M"
"879";30474689;"CA1192";"character(0)";"ERON";"Cat";"SiameseTabby";"yes";"Young";"M";"S"
"880";30474690;"CA1192";"Teresa";"Teddy and Aggie";"Cat";"Domestic Short Hair";"no";"Young";"M";"S"
"881";30782620;"CA1192";"Ensenada";"Malcolm and Muldoon";"Cat";"Maine CoonDomestic Long Hair";"yes";"Young";"M";"L"
"882";31301770;"CA1192";"character(0)";"TROY AIKEN";"Cat";"Maine CoonDomestic Long Hair";"yes";"Baby";"M";"L"
"883";31301774;"CA1192";"character(0)";"Oriana";"Cat";"Maine Coon";"yes";"Baby";"M";"XL"
"884";31301779;"CA1192";"character(0)";"Cibeles";"Cat";"Maine Coon";"yes";"Baby";"F";"XL"
"885";32064197;"CA1192";"character(0)";"Marushka";"Cat";"SiameseCalico";"yes";"Young";"F";"M"
"886";32270286;"CA1192";"character(0)";"YUKI";"Cat";"American ShorthairDomestic Short Hair";"yes";"Young";"F";"M"
"887";33743079;"CA1192";"Pep Boys";"Manny & Jackie";"Cat";"Domestic Short HairTabby";"yes";"Young";"M";"M"
"888";33746248;"CA1192";"character(0)";"Mila";"Cat";"Maine Coon";"yes";"Young";"F";"L"
"889";33918010;"CA1192";"character(0)";"ANOUK & CRICKET";"Cat";"SiameseSnowshoe";"yes";"Adult";"M";"M"
"890";14796687;"CA107";"Morongo";"Morongo";"Cat";"Tabby - Brown";"no";"Adult";"M";"L"
"891";18062421;"CA107";"Papi";"Papi";"Cat";"Tabby";"no";"Young";"M";"L"
"892";18353153;"CA107";"Regis";"Regis";"Cat";"Domestic Short Hair-black";"yes";"Young";"M";"M"
"893";25277484;"CA107";"character(0)";"Petula";"Cat";"AbyssinianTorbie";"yes";"Adult";"F";"M"
"894";26948611;"CA107";"character(0)";"Jaime";"Cat";"Siamese";"no";"Adult";"M";"L"
"895";27003191;"CA107";"character(0)";"Mijo";"Cat";"Siamese";"no";"Adult";"M";"L"
"896";27625978;"CA107";"character(0)";"URGENT - Mittens";"Cat";"American ShorthairTuxedo";"yes";"Adult";"F";"M"
"897";31472347;"CA107";"character(0)";"Maggie";"Cat";"BengalOriental Short Hair";"yes";"Baby";"F";"M"
"898";31927845;"CA107";"character(0)";"Ellie";"Cat";"Torbie";"no";"Baby";"F";"M"
"899";32104382;"CA107";"character(0)";"Marianne";"Cat";"Tabby - Brown";"no";"Senior";"F";"M"
"900";32231353;"CA107";"character(0)";"Bruno (and Curie)";"Cat";"Domestic Short Hair-black and white";"no";"Baby";"M";"M"
"901";32258913;"CA107";"character(0)";"Maynard";"Cat";"Siamese";"no";"Young";"M";"M"
"902";32540852;"CA107";"character(0)";"Curie (and Bruno)";"Cat";"Tabby - Brown";"no";"Baby";"F";"M"
"903";32540897;"CA107";"character(0)";"Pierre";"Cat";"TuxedoDomestic Short Hair-black and white";"yes";"Baby";"M";"M"
"904";32540989;"CA107";"character(0)";"Leopold (and Landon)";"Cat";"Russian BlueDomestic Short Hair-gray";"yes";"Baby";"M";"M"
"905";32541008;"CA107";"character(0)";"Landon (and Leopold)";"Cat";"Russian BlueDomestic Short Hair-gray";"yes";"Baby";"M";"M"
"906";32541036;"CA107";"character(0)";"Malibu";"Cat";"Tabby - GreyDomestic Short Hair - gray and white";"yes";"Young";"M";"M"
"907";32862870;"CA107";"character(0)";"Snowy";"Cat";"Domestic Short Hair-white";"no";"Adult";"F";"M"
"908";32862930;"CA107";"character(0)";"Loki (and brother Romeo)";"Cat";"Domestic Short Hair-orangeTabby - Orange";"yes";"Young";"M";"M"
"909";32862946;"CA107";"character(0)";"Romeo (and his brother Loki)";"Cat";"Domestic Short Hair-orangeTabby - Orange";"yes";"Young";"M";"M"
"910";33609836;"CA2356";"15-04920";"Scotty";"Dog";"Chihuahua";"yes";"Adult";"M";"S"
"911";33634110;"CA2356";"15-04005";"Dorian";"Dog";"Chihuahua";"yes";"Adult";"M";"S"
"912";33634111;"CA2356";"15-05083";"Cowboy";"Dog";"Chihuahua";"yes";"Adult";"M";"S"
"913";33634112;"CA2356";"16-00150";"Salem";"Dog";"Chihuahua";"yes";"Senior";"M";"S"
"914";33634113;"CA2356";"16-00301";"Candy";"Dog";"Chihuahua";"yes";"Adult";"F";"S"
"915";33693339;"CA2356";"15-05813";"Mocha";"Dog";"Terrier";"no";"Adult";"F";"S"
"916";33787915;"CA2356";"16-00536";"Butterscotch";"Dog";"Terrier";"yes";"Adult";"F";"S"
"917";33802905;"CA2356";"16-00567";"Jukebox";"Dog";"Poodle";"yes";"Adult";"M";"S"
"918";33854368;"CA2356";"16-01137";"McDavid";"Cat";"Domestic Short Hair";"no";"Adult";"M";"M"
"919";33854369;"CA2356";"16-01138";"Sally";"Cat";"Domestic Short Hair";"no";"Adult";"F";"S"
"920";33966300;"CA2356";"16-00926";"Deano";"Dog";"Pit Bull Terrier";"yes";"Young";"M";"L"
"921";33966301;"CA2356";"16-00946";"Stella";"Cat";"Domestic Short Hair";"no";"Young";"F";"S"
"922";33966302;"CA2356";"16-00952";"Simon";"Cat";"Domestic Short Hair";"no";"Young";"M";"S"
"923";33966303;"CA2356";"16-01007";"Trevor";"Dog";"Cocker Spaniel";"yes";"Adult";"M";"M"
"924";33966304;"CA2356";"16-01012";"Maxwell";"Dog";"Dachshund";"yes";"Adult";"M";"S"
"925";31782384;"CA1556";"character(0)";"Herbie (CONTACT genie514@gmail.com )";"Cat";"Domestic Short Hair - gray and white";"no";"Adult";"M";"S"
"926";33832051;"CA1556";"character(0)";"Bette Davis";"Cat";"Siamese";"no";"Adult";"F";"S"
"927";7144845;"CA774";"character(0)";"Sabrina";"Cat";"Dilute Calico";"yes";"Adult";"F";"S"
"928";9454955;"CA774";"character(0)";"Luna";"Cat";"Domestic Short Hair - gray and white";"yes";"Adult";"F";"M"
"929";11746955;"CA774";"character(0)";"Grace";"Cat";"Tabby - Brown";"yes";"Adult";"F";"L"
"930";11774703;"CA774";"character(0)";"Moxie";"Cat";"Dilute Calico";"yes";"Adult";"F";"L"
"931";13807230;"CA774";"character(0)";"Camille";"Cat";"Tabby - buff";"yes";"Adult";"F";"L"
"932";16519587;"CA774";"character(0)";"*MORE kittens!";"Cat";"Domestic Short Hair-black and white";"yes";"Baby";"F";"S"
"933";18108515;"CA774";"character(0)";"Lola";"Cat";"Domestic Short Hair - gray and white";"no";"Adult";"F";"M"
"934";22040875;"CA774";"character(0)";"Amelia";"Cat";"Tabby - Brown";"no";"Adult";"F";"S"
"935";23560787;"CA774";"character(0)";"Sylvia";"Cat";"Domestic Short Hair-mitted";"no";"Adult";"F";"M"
"936";26744985;"CA774";"character(0)";"Bloo";"Cat";"Domestic Long Hair-gray";"no";"Adult";"M";"M"
"937";26745123;"CA774";"character(0)";"Sasha";"Cat";"Domestic Long Hair-black";"no";"Adult";"F";"M"
"938";27233491;"CA774";"character(0)";"Honey";"Cat";"Domestic Short Hair-black and white";"no";"Adult";"F";"S"
"939";27308513;"CA774";"character(0)";"Archie";"Cat";"Domestic Short Hair - orange and white";"no";"Young";"M";"M"
"940";27308560;"CA774";"character(0)";"Benji";"Cat";"Tabby - Grey";"no";"Young";"M";"M"
"941";27315822;"CA774";"character(0)";"Troy";"Cat";"Tabby";"no";"Adult";"M";"L"
"942";28964536;"CA774";"character(0)";"Hans (Olo) & Obi (Wan)";"Cat";"Domestic Short Hair";"no";"Baby";"M";"S"
"943";29049151;"CA774";"character(0)";"Rex";"Cat";"Domestic Short Hair";"no";"Young";"M";"M"
"944";29192019;"CA774";"character(0)";"Precious";"Cat";"Domestic Short Hair";"no";"Young";"F";"S"
"945";29220263;"CA774";"character(0)";"Jesse O";"Cat";"Domestic Medium Hair";"no";"Young";"M";"M"
"946";30298067;"CA774";"character(0)";"Betsy";"Cat";"Domestic Short Hair";"no";"Adult";"F";"S"
"947";30298187;"CA774";"character(0)";"Dinky";"Cat";"Siamese";"no";"Adult";"M";"M"
"948";30508655;"CA774";"character(0)";"Choccy";"Cat";"Siamese";"yes";"Baby";"M";"S"
"949";31115094;"CA774";"character(0)";"Coco";"Cat";"Siamese";"no";"Senior";"F";"S"
"950";31254159;"CA774";"character(0)";"Walnut";"Cat";"Domestic Short Hair";"no";"Young";"M";"S"
"951";31428538;"CA774";"character(0)";"Natasha & Dixie";"Cat";"Domestic Short Hair";"no";"Young";"F";"S"
"952";31877330;"CA774";"character(0)";"Maxie";"Cat";"American Shorthair";"no";"Adult";"F";"S"
"953";31877517;"CA774";"character(0)";"Snoopy";"Cat";"Domestic Medium Hair-black";"no";"Adult";"M";"M"
"954";31877541;"CA774";"character(0)";"Sahara";"Cat";"Domestic Medium Hair-white";"no";"Young";"F";"M"
"955";31877558;"CA774";"character(0)";"Sebastian";"Cat";"Domestic Long Hair-white";"no";"Young";"M";"M"
"956";32174248;"CA774";"character(0)";"Willow";"Cat";"Domestic Short Hair - gray and white";"no";"Young";"F";"S"
"957";32231518;"CA774";"character(0)";"Indy";"Cat";"Maine Coon";"no";"Adult";"M";"XL"
"958";32664662;"CA774";"character(0)";"Momo";"Cat";"CalicoDomestic Short Hair";"yes";"Young";"F";"M"
"959";32805639;"CA774";"character(0)";"Leche";"Cat";"Calico";"no";"Young";"F";"M"
"960";32806247;"CA774";"character(0)";"Walter";"Cat";"Domestic Short Hair - buff";"no";"Baby";"M";"S"
"961";32974304;"CA774";"character(0)";"Finn";"Cat";"Domestic Short Hair - orange and white";"no";"Young";"M";"M"
"962";33095583;"CA774";"character(0)";"Silk";"Rabbit";"American";"no";"Young";"M";"S"
"963";33095737;"CA774";"character(0)";"Cotton";"Rabbit";"American";"no";"Young";"M";"S"
"964";33208735;"CA774";"character(0)";"Stilts";"Dog";"Wire Fox TerrierChihuahua";"yes";"Young";"M";"S"
"965";33328925;"CA774";"character(0)";"Bingo";"Dog";"Miniature Pinscher";"yes";"Young";"M";"S"
"966";33329084;"CA774";"character(0)";"Rum";"Cat";"Tuxedo";"no";"Adult";"F";"L"
"967";33329175;"CA774";"character(0)";"Whiskey";"Cat";"Calico";"no";"Adult";"F";"L"
"968";33426276;"CA774";"character(0)";"Donovan";"Cat";"American Shorthair";"no";"Adult";"M";"M"
"969";33451202;"CA774";"character(0)";"Jasmine";"Cat";"Domestic Medium Hair - gray and white";"no";"Adult";"F";"M"
"970";33451390;"CA774";"character(0)";"Mushu";"Cat";"Maine CoonNorwegian Forest Cat";"yes";"Adult";"M";"M"
"971";33530384;"CA774";"character(0)";"Logan";"Cat";"Tabby";"no";"Young";"M";"M"
"972";33539036;"CA774";"character(0)";"Dwight";"Cat";"SiameseSnowshoe";"yes";"Young";"M";"M"
"973";33539200;"CA774";"character(0)";"Teddy Bear";"Cat";"Tuxedo";"no";"Young";"M";"M"
"974";33539375;"CA774";"character(0)";"Betty";"Cat";"Tuxedo";"no";"Young";"F";"M"
"975";33572595;"CA774";"character(0)";"Smalls";"Cat";"Maine Coon";"no";"Young";"F";"M"
"976";33572678;"CA774";"character(0)";"DiBergi";"Cat";"Maine Coon";"no";"Young";"F";"M"
"977";33649381;"CA774";"character(0)";"Amy";"Cat";"Siamese";"no";"Young";"F";"M"
"978";33649502;"CA774";"character(0)";"Elliot";"Cat";"Siamese";"no";"Young";"M";"M"
"979";33649598;"CA774";"character(0)";"River";"Cat";"Siamese";"no";"Young";"F";"M"
"980";33649890;"CA774";"character(0)";"Harper";"Cat";"Domestic Short Hair - gray and white";"no";"Senior";"F";"M"
"981";33650693;"CA774";"character(0)";"Wesley";"Dog";"MalteseSpaniel";"yes";"Young";"M";"S"
"982";33749623;"CA774";"character(0)";"Buffy";"Cat";"Domestic Short Hair - buff and white";"no";"Young";"F";"M"
"983";27188607;"CA1271";"Mutt Match LA";"Raff";"Dog";"Chihuahua";"yes";"Young";"M";"S"
"984";28377496;"CA1271";"Mutt Match LA";"Soffie";"Dog";"Golden RetrieverNewfoundland Dog";"yes";"Adult";"F";"XL"
"985";29318754;"CA1271";"Mutt Match L.A.";"Darby";"Dog";"Shepherd";"yes";"Adult";"F";"M"
"986";30520591;"CA1271";"Mutt Match L.A";"Nestle";"Dog";"Labrador RetrieverPit Bull Terrier";"yes";"Young";"M";"L"
"987";30890673;"CA1271";"Mutt Match LA";"Bean";"Dog";"Chihuahua";"yes";"Young";"M";"S"
"988";31253864;"CA1271";"Mutt Match LA";"Piper";"Dog";"Terrier";"yes";"Young";"F";"M"
"989";31688962;"CA1271";"Mutt Match LA";"Leo";"Dog";"Terrier";"no";"Young";"M";"M"
"990";31711151;"CA1271";"Mutt Match LA";"Emma";"Dog";"Golden Retriever";"yes";"Adult";"F";"M"
"991";32026092;"CA1271";"Mutt Match LA";"Ginger & Tippi";"Dog";"Labrador RetrieverGolden Retriever";"yes";"Baby";"F";"M"
"992";32250637;"CA1271";"Mutt Match LA";"Foxy";"Dog";"Border Terrier";"no";"Young";"F";"S"
"993";32250639;"CA1271";"Mutt Match LA";"Chloe";"Dog";"TerrierShih Tzu";"yes";"Young";"F";"S"
"994";32540109;"CA1271";"Mutt Match LA";"Tudy";"Dog";"PoodleTerrier";"yes";"Young";"F";"S"
"995";33008851;"CA1271";"Mutt Match LA";"Marley";"Dog";"TerrierSchnauzer";"yes";"Adult";"M";"S"
"996";33120865;"CA1271";"Mutt Match LA";"Olive";"Dog";"Terrier";"no";"Adult";"F";"S"
"997";33204217;"CA1271";"Mutt Match LA";"Dakota";"Dog";"Shepherd";"yes";"Young";"F";"M"
"998";33555020;"CA1271";"Mutt Match LA";"Luca";"Dog";"German Shepherd Dog";"no";"Young";"M";"M"
"999";33634831;"CA1271";"Mutt Match LA";"Nugget";"Dog";"Labrador Retriever";"yes";"Baby";"M";"M"
"1000";33827693;"CA1271";"Mutt Match LA";"Duke";"Dog";"Border CollieAmerican Bulldog";"yes";"Young";"M";"L"
